id,brand,name,category,type,shape,gender,price,originalPrice,discountPct,tag,primaryImage,colorsCount,variantsCount,sourceUrl,shiprocket_length_cm,shiprocket_breadth_cm,shiprocket_height_cm,shiprocket_weight_kg
"do-10328890900726","Ray-Ban","RAY BAN   0RX 7027I","Eyeglasses","eyeglasses","Rectangle","unisex",5121,5690,10,"ON SALE","https://cdn.shopify.com/s/files/1/0608/8563/1222/files/RAY_BAN_7027I_2000_......................_800x_98350007-ec39-4a69-8893-dcd562241ea0.webp?v=1791033387",4,4,"https://dayalopticalsindia.com/products/ray-ban-0rx-7027i",18,9,7,0.25
"do-10328870093046","Ray-Ban","RAY BAN   0RB 4954","Sunglasses","sunglasses","Aviator","unisex",12231,13590,10,"ON SALE","https://cdn.shopify.com/s/files/1/0608/8563/1222/files/RAY_BAN_4954_601-69_.....................webp?v=1791027002",2,10,"https://dayalopticalsindia.com/products/ray-ban-0rb-4954",18,9,7,0.25
"do-10328748916982","Ray-Ban","RAY BAN   0RB 4944","Sunglasses","sunglasses","Rectangle","unisex",12231,13590,10,"ON SALE","https://cdn.shopify.com/s/files/1/0608/8563/1222/files/RAY_BAN_4944_601-80_.............................webp?v=1791021656",2,4,"https://dayalopticalsindia.com/products/ray-ban-0rb-4944",18,9,7,0.25
"do-10328545427702","Ray-Ban","RAY BAN   0RB 4925","Sunglasses","sunglasses","Aviator","unisex",12231,13590,10,"ON SALE","https://cdn.shopify.com/s/files/1/0608/8563/1222/files/RAY_BAN_4925_601-7_........................webp?v=1791013682",2,10,"https://dayalopticalsindia.com/products/ray-ban-0rb-3119m-1",18,9,7,0.25
"do-7775902236918","Ray-Ban","RAY BAN 0RB 4386","Sunglasses","sunglasses","Wayfarer","men",12591,13990,10,"ON SALE","https://cdn.shopify.com/s/files/1/0608/8563/1222/products/0RB4386__6651K8_030A.jpg?v=1673950204",3,3,"https://dayalopticalsindia.com/products/ray-ban-329",18,9,7,0.25
"do-10328508203254","Ray-Ban","RAY BAN   0RB 4385","Sunglasses","sunglasses","Rectangle","men",11961,13290,10,"ON SALE","https://cdn.shopify.com/s/files/1/0608/8563/1222/files/RAY_BAN_4385_601587_.....................webp?v=1791011835",1,1,"https://dayalopticalsindia.com/products/ray-ban-0rb-4385",18,9,7,0.25
"do-7768809111798","Ray-Ban","RAY BAN  0RB 3589","Sunglasses","sunglasses","Aviator","women",7461,8290,10,"ON SALE","https://cdn.shopify.com/s/files/1/0608/8563/1222/products/8053672837087_2.jpg?v=1658923791",4,4,"https://dayalopticalsindia.com/products/ray-ban-252",18,9,7,0.25
"do-9436402254070","Ray-Ban","RAY BAN 0RB 3138M","Sunglasses","sunglasses","Aviator","unisex",34551,38390,10,"ON SALE","https://cdn.shopify.com/s/files/1/0608/8563/1222/files/RAY_BAN_3138M_001-85.webp?v=1782726514",1,9,"https://dayalopticalsindia.com/products/ray-ban-0rb-3138m",18,9,7,0.25
"do-10322794807542","Ray-Ban","RAY BAN META 4016V AVIATOR  SHINY BLACK CLEAR","Sunglasses","sunglasses","Aviator","unisex",44300,44300,0,"SMART GLASSES","https://cdn.shopify.com/s/files/1/0608/8563/1222/files/Ray_Ban_Meta_4016V_2000.......webp?v=1790599897",1,1,"https://dayalopticalsindia.com/products/ray-ban-meta-4016v-aviator-shiny-black-clear",18,9,7,0.25
"do-10322790875382","Ray-Ban","RAY BAN META 4016 AVIATOR  SHINY BLACK GREEN POLARIZED SOLID","Sunglasses","sunglasses","Aviator","unisex",46500,46500,0,"SMART GLASSES","https://cdn.shopify.com/s/files/1/0608/8563/1222/files/Ray_Ban_Meta_4016_601-9A..........webp?v=1790598281",1,1,"https://dayalopticalsindia.com/products/ray-ban-meta-4016-aviator-shiny-black-green-polarized-solid",18,9,7,0.25
"do-10322783076598","Ray-Ban","RAY BAN META 4015 ZENA TRANSITIONS COPPER MILKY GREY LILAC","Sunglasses","sunglasses","Cat Eye","unisex",50100,50100,0,"SMART GLASSES","https://cdn.shopify.com/s/files/1/0608/8563/1222/files/Ray_Ban_4015_691410......................webp?v=1790597130",1,1,"https://dayalopticalsindia.com/products/ray-ban-meta-4015-zena-transitions-copper-milky-grey-lilac",18,9,7,0.25
"do-10322736251126","Ray-Ban","RAY BAN META 4015 ZENA SHINY BLACK GREY","Sunglasses","sunglasses","Cat Eye","unisex",44300,44300,0,"SMART GLASSES","https://cdn.shopify.com/s/files/1/0608/8563/1222/files/Ray_Ban_Meta_4015_601-87..........webp?v=1790596176",1,1,"https://dayalopticalsindia.com/products/ray-ban-meta-4015-zena-shiny-black-grey",18,9,7,0.25
"do-10322672255222","Ray-Ban","RAY BAN META 4015 ZENA SHINY BLACK TRANSITIONS GEN S GRAPHITE GREEN","Sunglasses","sunglasses","Cat Eye","unisex",50100,50100,0,"SMART GLASSES","https://cdn.shopify.com/s/files/1/0608/8563/1222/files/Ray_Ban_Meta_4015_601-1M................webp?v=1790593352",1,1,"https://dayalopticalsindia.com/products/ray-ban-meta-4011v-zena-shiny-black-transitions-gen-s-graphite-green",18,9,7,0.25
"do-10322646925558","Ray-Ban","RAY BAN META 4011V WAYFARER HAVANA  CLEAR","Sunglasses","sunglasses","Wayfarer","unisex",44300,44300,0,"SMART GLASSES","https://cdn.shopify.com/s/files/1/0608/8563/1222/files/Ray_Ban_Meta_4011V_8528...........webp?v=1790591073",1,1,"https://dayalopticalsindia.com/products/ray-ban-meta-4011v-wayfarer-havana-clear",18,9,7,0.25
"do-10322644336886","Ray-Ban","RAY BAN META 4011V WAYFARER MATTE BLACK CLEAR","Sunglasses","sunglasses","Wayfarer","unisex",44300,44300,0,"SMART GLASSES","https://cdn.shopify.com/s/files/1/0608/8563/1222/files/Ray_Ban_Meta_4011V_2077...........webp?v=1790590353",1,1,"https://dayalopticalsindia.com/products/ray-ban-meta-4011v-wayfarer-matte-black-clear",18,9,7,0.25
"do-10322641551606","Ray-Ban","RAY BAN META 4011V WAYFARER SHINY BLACK CLEAR","Sunglasses","sunglasses","Wayfarer","unisex",44300,44300,0,"SMART GLASSES","https://cdn.shopify.com/s/files/1/0608/8563/1222/files/Ray_Ban_Meta_4011V_2000..........webp?v=1790588828",1,2,"https://dayalopticalsindia.com/products/ray-ban-meta-4011v-wayfarer-shiny-black-clear",18,9,7,0.25
"do-10322524897526","Ray-Ban","RAY BAN META 4011 WAYFARER TRANSPARENT MATTE OCEAN BLUE  TRANSITIONS GREY","Sunglasses","sunglasses","Wayfarer","unisex",50100,50100,0,"SMART GLASSES","https://cdn.shopify.com/s/files/1/0608/8563/1222/files/Ray_Ban_Meta_4011_69211Z...............webp?v=1790580774",1,2,"https://dayalopticalsindia.com/products/ray-ban-meta-4011-wayfarer-transparent-matte-ocean-blue-transitions-grey",18,9,7,0.25
"do-10322509627638","Ray-Ban","RAY BAN META 4011 WAYFARER HAVANA G15 GREEN","Sunglasses","sunglasses","Wayfarer","unisex",44300,44300,0,"SMART GLASSES","https://cdn.shopify.com/s/files/1/0608/8563/1222/files/Ray_Ban_Meta_4011_690571.............webp?v=1790579179",1,2,"https://dayalopticalsindia.com/products/ray-ban-meta-4011-wayfarer-havana-g15-green",18,9,7,0.25
"do-10322491965686","Ray-Ban","RAY BAN META 4011 WAYFARER MATTE BLACK CLEAR","Sunglasses","sunglasses","Wayfarer","unisex",44300,44300,0,"SMART GLASSES","https://cdn.shopify.com/s/files/1/0608/8563/1222/files/Ray_Ban_Meta_4011_601SSB...........webp?v=1790577107",1,2,"https://dayalopticalsindia.com/products/ray-ban-meta-4011-wayfarer-matte-black-clear",18,9,7,0.25
"do-10322479546614","Ray-Ban","RAY BAN META 4011 WAYFARER MATTE BLACK GREY","Sunglasses","sunglasses","Wayfarer","unisex",44300,44300,0,"SMART GLASSES","https://cdn.shopify.com/s/files/1/0608/8563/1222/files/Ray_Ban_4011_601S87...........webp?v=1790575922",1,2,"https://dayalopticalsindia.com/products/ray-ban-meta-4011-wayfarer-matte-black-grey",18,9,7,0.25
"do-10322470043894","Ray-Ban","RAY BAN META 4011 WAYFARER MATTE BLACK TRANSITIONS GRAPHITE GREEN","Sunglasses","sunglasses","Wayfarer","unisex",50100,50100,0,"SMART GLASSES","https://cdn.shopify.com/s/files/1/0608/8563/1222/files/Ray_Ban_4011_601S1M_.................webp?v=1790574495",1,2,"https://dayalopticalsindia.com/products/ray-ban-meta-4011-wayfarer-matte-black-transitions-graphite-green",18,9,7,0.25
"do-10322455691510","Ray-Ban","RAY BAN META 4011 WAYFARER SHINY BLACK G15 GREEN POLARIZED SOLID","Sunglasses","sunglasses","Wayfarer","unisex",46500,46500,0,"SMART GLASSES","https://cdn.shopify.com/s/files/1/0608/8563/1222/files/Ray_Ban_Meta_4011_601-9A............webp?v=1790582233",1,1,"https://dayalopticalsindia.com/products/ray-ban-meta-4011-wayfarer-shiny-black-g15-green-polarized-solid",18,9,7,0.25
"do-10318779384054","Ray-Ban","RAY BAN META 4011 WAYFARER SHINY BLACK TRANSITIONS GREY","Sunglasses","sunglasses","Wayfarer","unisex",50100,50100,0,"SMART GLASSES","https://cdn.shopify.com/s/files/1/0608/8563/1222/files/Ray_Ban_Meta_4011_601_1Z._..........webp?v=1790581971",1,2,"https://dayalopticalsindia.com/products/ray-ban-meta-4011",18,9,7,0.25
"do-10326901162230","Ray-Ban","RAY BAN   0RB 3119M","Sunglasses","sunglasses","Oval","unisex",12231,13590,10,"ON SALE","https://cdn.shopify.com/s/files/1/0608/8563/1222/files/RAY_BAN_3119M_001-31_..................webp?v=1790851519",2,3,"https://dayalopticalsindia.com/products/ray-ban-0rb-3119m",18,9,7,0.25
"do-10326835134710","Ray-Ban","RAY BAN   0RB 3029M","Sunglasses","sunglasses","Aviator","unisex",35991,39990,10,"ON SALE","https://cdn.shopify.com/s/files/1/0608/8563/1222/files/RAY_BAN_3029M_001-55_...................webp?v=1790847673",1,5,"https://dayalopticalsindia.com/products/ray-ban-0rb-3029m",18,9,7,0.25
"do-7775902793974","Ray-Ban","RAY BAN  0RB 2193","Sunglasses","sunglasses","Square","unisex",12231,13590,10,"ON SALE","https://cdn.shopify.com/s/files/1/0608/8563/1222/products/ray-ban-rb-2193-leonard-138085-striped-brown-red-8056597855952.webp?v=1679395325",3,5,"https://dayalopticalsindia.com/products/ray-ban-341",18,9,7,0.25
"do-10326660120822","Ray-Ban","RAY BAN   0RB 2187","Sunglasses","sunglasses","Wayfarer","unisex",10611,11790,10,"ON SALE","https://cdn.shopify.com/s/files/1/0608/8563/1222/files/RAY_BAN_2187_954-33_............webp?v=1790836285",1,1,"https://dayalopticalsindia.com/products/ray-ban-0rb-2187",18,9,7,0.25
"do-10326631973110","Ray-Ban","RAY BAN   0RB 2180","Sunglasses","sunglasses","Oval","unisex",10701,11890,10,"ON SALE","https://cdn.shopify.com/s/files/1/0608/8563/1222/files/RAY_BAN_2180_601-71_................webp?v=1790834718",1,1,"https://dayalopticalsindia.com/products/ray-ban-0rb-2180",18,9,7,0.25
"do-10325477851382","Ray-Ban","RAY BAN   0RX 6504I","Eyeglasses","eyeglasses","Rectangle","unisex",5571,6190,10,"ON SALE","https://cdn.shopify.com/s/files/1/0608/8563/1222/files/RAY_BAN_6504I_2509_........._aa9b23bb-381c-4544-bb03-29ec756b8863.webp?v=1790773329",3,3,"https://dayalopticalsindia.com/products/ray-ban-0rx-6504i",18,9,7,0.25
"do-10325461958902","Ray-Ban","RAY BAN   0RX 6505I","Eyeglasses","eyeglasses","Rectangle","unisex",6111,6790,10,"ON SALE","https://cdn.shopify.com/s/files/1/0608/8563/1222/files/RAY_BAN_6505I_2509_...............webp?v=1790772202",1,1,"https://dayalopticalsindia.com/products/ray-ban-0rx-6505i",18,9,7,0.25
"do-10325392392438","Ray-Ban","RAY BAN   0RX 6506I","Eyeglasses","eyeglasses","Square","unisex",6111,6790,10,"ON SALE","https://cdn.shopify.com/s/files/1/0608/8563/1222/files/RAY_BAN_6506I_2502_.....................webp?v=1790769745",2,2,"https://dayalopticalsindia.com/products/ray-ban-0rx-6506i",18,9,7,0.25
"do-9460722499830","Ray-Ban","RAY BAN    0RX 6514I","Eyeglasses","eyeglasses","Aviator","unisex",5661,6290,10,"ON SALE","https://cdn.shopify.com/s/files/1/0608/8563/1222/files/RAY_BAN_6514I_2500_.........webp?v=1784030754",3,3,"https://dayalopticalsindia.com/products/ray-ban-0rx-6514i",18,9,7,0.25
"do-9458367627510","Ray-Ban","RAY BAN    0RX 6544I","Eyeglasses","eyeglasses","Aviator","unisex",5121,5690,10,"ON SALE","https://cdn.shopify.com/s/files/1/0608/8563/1222/files/RAY_BAN_6544I_2500_............webp?v=1783944237",4,4,"https://dayalopticalsindia.com/products/ray-ban-0rx-6544i",18,9,7,0.25
"do-10325291925750","Ray-Ban","RAY BAN   0RX 6558","Eyeglasses","eyeglasses","Oval","unisex",7461,8290,10,"ON SALE","https://cdn.shopify.com/s/files/1/0608/8563/1222/files/RAY_BAN_6558_2501_........................webp?v=1790763678",1,1,"https://dayalopticalsindia.com/products/ray-ban-0rx-6558",18,9,7,0.25
"do-9454842216694","Ray-Ban","RAY BAN    0RX 7239","Eyeglasses","eyeglasses","Rectangle","unisex",7011,7790,10,"ON SALE","https://cdn.shopify.com/s/files/1/0608/8563/1222/files/RAY_BAN_7239_2001_...........webp?v=1783749079",4,4,"https://dayalopticalsindia.com/products/ray-ban-0rx-7239",18,9,7,0.25
"do-9450749100278","Ray-Ban","RAY BAN    0RX 7256","Eyeglasses","eyeglasses","Square","unisex",8361,9290,10,"ON SALE","https://cdn.shopify.com/s/files/1/0608/8563/1222/files/RAY_BAN_7256_8429_...........webp?v=1783687565",4,5,"https://dayalopticalsindia.com/products/ray-ban-0rx-7256",18,9,7,0.25
"do-10325205188854","Ray-Ban","RAY BAN   0RX 7263I","Eyeglasses","eyeglasses","Square","unisex",5391,5990,10,"ON SALE","https://cdn.shopify.com/s/files/1/0608/8563/1222/files/RAY_BAN_7263I_5753_..............avif?v=1790756289",2,3,"https://dayalopticalsindia.com/products/ray-ban-0rx-7263i",18,9,7,0.25
"do-9449642492150","Ray-Ban","RAY BAN    0RX 7683V","Eyeglasses","eyeglasses","Rectangle","unisex",13761,15290,10,"ON SALE","https://cdn.shopify.com/s/files/1/0608/8563/1222/files/RAY_BAN_7683V_2000_........webp?v=1783660713",3,3,"https://dayalopticalsindia.com/products/ray-ban-0rx-7683v",18,9,7,0.25
"do-9476574249206","Ray-Ban","RAY BAN    0RX 5517M","Eyeglasses","eyeglasses","Wayfarer","unisex",11601,12890,10,"ON SALE","https://cdn.shopify.com/s/files/1/0608/8563/1222/files/RAY_BAN_5517M_F601_...........webp?v=1784629961",3,3,"https://dayalopticalsindia.com/products/ray-ban-0rx-5517m",18,9,7,0.25
"do-10325190246646","Ray-Ban","RAY BAN   0RX 5460","Eyeglasses","eyeglasses","Oval","unisex",7821,8690,10,"ON SALE","https://cdn.shopify.com/s/files/1/0608/8563/1222/files/RAY_BAN_5460_2000_..................webp?v=1790753476",1,1,"https://dayalopticalsindia.com/products/ray-ban-0rx-5460",18,9,7,0.25
"do-10325145780470","Ray-Ban","RAY BAN   0RX 5423I","Eyeglasses","eyeglasses","Square","women",5661,6290,10,"ON SALE","https://cdn.shopify.com/s/files/1/0608/8563/1222/files/RAY_BAN_5423I_2012_..............webp?v=1790749401",2,2,"https://dayalopticalsindia.com/products/ray-ban-0rx-5372",18,9,7,0.25
"do-9475067543798","Ray-Ban","RAY BAN    0RX 5433","Eyeglasses","eyeglasses","Cat Eye","unisex",7551,8390,10,"ON SALE","https://cdn.shopify.com/s/files/1/0608/8563/1222/files/RAY_BAN_5433_8366_..........webp?v=1784547688",2,2,"https://dayalopticalsindia.com/products/ray-ban-0rx-5433",18,9,7,0.25
"do-7755061100790","Ray-Ban","RAY BAN   0RX 5372","Eyeglasses","eyeglasses","Wayfarer/Square optical","unisex",5841,6490,10,"ON SALE","https://cdn.shopify.com/s/files/1/0608/8563/1222/products/8056597011242_2.jpg?v=1658214324",1,2,"https://dayalopticalsindia.com/products/ray-ban-84",18,9,7,0.25
"do-8777834758390","Ray-Ban","RAY BAN    0RX 8782","Eyeglasses","eyeglasses","Round Optical","unisex",19161,21290,10,"ON SALE","https://cdn.shopify.com/s/files/1/0608/8563/1222/files/Ray_Ban_8782_1002.............webp?v=1788941081",4,4,"https://dayalopticalsindia.com/products/ray-ban-0rx-8782",18,9,7,0.25
"do-8456554217718","Cooper Vision","ASPIRE GO MAX 1 DAY TORIC","Contact Lenses","contact-lenses","Toric (Astigmatism)","unisex",2613,2750,5,"DAILY DISPOSABLE","https://cdn.shopify.com/s/files/1/0608/8563/1222/files/ASPIREGOMAXTORIC.webp?v=1788331326",1,1,"https://dayalopticalsindia.com/products/aspire-go-max-day-toric",15,10,4,0.08
"do-9513416917238","Cooper Vision","MyDay Daily Disposable Toric 30","Contact Lenses","contact-lenses","Toric (Astigmatism)","unisex",3335,3510,5,"DAILY DISPOSABLE","https://cdn.shopify.com/s/files/1/0608/8563/1222/files/mydaytoric.webp?v=1788329175",1,1,"https://dayalopticalsindia.com/products/myday-daily-disposable-toric-30",15,10,4,0.08
"do-7755060314358","Ray-Ban","RAY BAN  0RX 4340V","Eyeglasses","eyeglasses","Wayfarer/Square optical","unisex",8361,9290,10,"ON SALE","https://cdn.shopify.com/s/files/1/0608/8563/1222/products/8053672808476_2.jpg?v=1657977792",6,11,"https://dayalopticalsindia.com/products/ray-ban-60",18,9,7,0.25
"do-8318384177398","Ray-Ban","RAY BAN    0RX 5421","Eyeglasses","eyeglasses","Rectangle Optical","unisex",8361,9290,10,"ON SALE","https://cdn.shopify.com/s/files/1/0608/8563/1222/files/ray-ban-rx-5421-2000-black-8056597937078.webp?v=1703930945",5,14,"https://dayalopticalsindia.com/products/ray-ban-0rx-5421",18,9,7,0.25
"do-9213310271734","Ray-Ban","RAY BAN 0RB 3774D","Sunglasses","sunglasses","Oval","unisex",12771,14190,10,"ON SALE","https://cdn.shopify.com/s/files/1/0608/8563/1222/files/RAY_BAN_3774D_0019A_........_800x_124686f3-f325-49f5-93ec-fc558109f05f.webp?v=1785911781",2,4,"https://dayalopticalsindia.com/products/ray-ban-0rb-3774d",18,9,7,0.25
"do-9490590433526","Ray-Ban","RAY BAN META 4014 SKYLER SHINY BLACK TRANSITIONS GRAPH GREEN","Sunglasses","sunglasses","Cat Eye","unisex",36560,45700,20,"SMART GLASSES","https://cdn.shopify.com/s/files/1/0608/8563/1222/files/Ray_Ban_Meta_4014_601-1M.................webp?v=1785843089",1,1,"https://dayalopticalsindia.com/products/ray-ban-meta-4014-wayfarer-grey-lightweight-sapphire-transitions",18,9,7,0.25
"do-9490043863286","Ray-Ban","RAY BAN META 4012 WAYFARER GREY LIGHTWEIGHT SAPPHIRE TRANSITION","Sunglasses","sunglasses","Wayfarer","unisex",36560,45700,20,"SMART GLASSES","https://cdn.shopify.com/s/files/1/0608/8563/1222/files/Ray_ban_meta_4012_6840MF.................webp?v=1785760073",1,2,"https://dayalopticalsindia.com/products/ray-ban-meta-4012-wayfarer-grey-lightweight-sapphire-transitions",18,9,7,0.25
"do-7768808620278","Ray-Ban","RAY BAN   0RB 3548N","Sunglasses","sunglasses","Hexagon","unisex",11511,12790,10,"ON SALE","https://cdn.shopify.com/s/files/1/0608/8563/1222/products/8053672611632_2.jpg?v=1658917377",4,15,"https://dayalopticalsindia.com/products/ray-ban-240",18,9,7,0.25
"do-7755060576502","Ray-Ban","RAY BAN   0RX 5154","Eyeglasses","eyeglasses","Wayfarer/Square optical","unisex",8901,9890,10,"ON SALE","https://cdn.shopify.com/s/files/1/0608/8563/1222/products/805289270102_2.jpg?v=1657980727",8,19,"https://dayalopticalsindia.com/products/ray-ban-68",18,9,7,0.25
"do-7755062935798","Ray-Ban","RAY BAN  0RX 6465","Eyeglasses","eyeglasses","Round Optical","unisex",8361,9290,10,"ON SALE","https://cdn.shopify.com/s/files/1/0608/8563/1222/products/8056597357593_2.jpg?v=1658311527",4,7,"https://dayalopticalsindia.com/products/ray-ban-135",18,9,7,0.25
"do-9477442109686","Ray-Ban","RAY BAN    0RX 6497","Eyeglasses","eyeglasses","Wayfarer","unisex",8361,9290,10,"ON SALE","https://cdn.shopify.com/s/files/1/0608/8563/1222/files/RAY_BAN_6497_2500_............-800x800w_1.webp?v=1784700666",3,4,"https://dayalopticalsindia.com/products/ray-ban-0rx-6497",18,9,7,0.25
"do-9477436702966","Ray-Ban","RAY BAN    0RX 6484M","Eyeglasses","eyeglasses","Wayfarer","unisex",8361,9290,10,"ON SALE","https://cdn.shopify.com/s/files/1/0608/8563/1222/files/RAY_BAN_6484M_F001_.............webp?v=1784698821",4,5,"https://dayalopticalsindia.com/products/ray-ban-0rx-6484",18,9,7,0.25
"do-9476615766262","Ray-Ban","RAY BAN    0RX 6448","Eyeglasses","eyeglasses","Geometric","unisex",8361,9290,10,"ON SALE","https://cdn.shopify.com/s/files/1/0608/8563/1222/files/RAY_BAN_6448_2511_.............webp?v=1784638399",3,5,"https://dayalopticalsindia.com/products/ray-ban-0rx-6448",18,9,7,0.25
"do-9476612423926","Ray-Ban","RAY BAN    0RX 5698","Eyeglasses","eyeglasses","Square","unisex",8361,9290,10,"ON SALE","https://cdn.shopify.com/s/files/1/0608/8563/1222/files/RAY_BAN_5698_2000_...........webp?v=1784636912",2,2,"https://dayalopticalsindia.com/products/ray-ban-0rx-5438i-1",18,9,7,0.25
"do-9476549181686","Ray-Ban","RAY BAN    0RX 5451","Eyeglasses","eyeglasses","Wayfarer","unisex",7461,8290,10,"ON SALE","https://cdn.shopify.com/s/files/1/0608/8563/1222/files/RAY_BAN_5451_2000_.............webp?v=1784628050",3,8,"https://dayalopticalsindia.com/products/ray-ban-0rx-5451",18,9,7,0.25
"do-9476544954614","Ray-Ban","RAY BAN    0RX 5450","Eyeglasses","eyeglasses","Rectangle","unisex",7461,8290,10,"ON SALE","https://cdn.shopify.com/s/files/1/0608/8563/1222/files/RAY_BAN_5450_2000_............webp?v=1784626968",3,5,"https://dayalopticalsindia.com/products/ray-ban-0rx-5450",18,9,7,0.25
"do-9476511662326","Ray-Ban","RAY BAN    0RX 5448","Eyeglasses","eyeglasses","Geometric","unisex",7821,8690,10,"ON SALE","https://cdn.shopify.com/s/files/1/0608/8563/1222/files/RAY_BAN_5448_2000_......_b275dfc5-49e3-432b-8ebd-364701086d13.webp?v=1784622696",2,3,"https://dayalopticalsindia.com/products/ray-ban-0rx-5448",18,9,7,0.25
"do-9476486168822","Ray-Ban","RAY BAN    0RX 5445","Eyeglasses","eyeglasses","Rectangle","men",7461,8290,10,"ON SALE","https://cdn.shopify.com/s/files/1/0608/8563/1222/files/RAY_BAN_5445_2000_.......800x.webp?v=1784620749",5,10,"https://dayalopticalsindia.com/products/ray-ban-0rx-5445",18,9,7,0.25
"do-9476377018614","Ray-Ban","RAY BAN    0RX 5444I","Eyeglasses","eyeglasses","Square","unisex",5661,6290,10,"ON SALE","https://cdn.shopify.com/s/files/1/0608/8563/1222/files/RAY_BAN_5444I_2000_..........webp?v=1784619778",2,2,"https://dayalopticalsindia.com/products/ray-ban-0rx-5444i",18,9,7,0.25
"do-9476349853942","Ray-Ban","RAY BAN    0RX 5440","Eyeglasses","eyeglasses","Rectangle","unisex",7551,8390,10,"ON SALE","https://cdn.shopify.com/s/files/1/0608/8563/1222/files/RAY_BAN_5440_2000_..........webp?v=1784615885",2,3,"https://dayalopticalsindia.com/products/ray-ban-0rx-5440",18,9,7,0.25
"do-9476330684662","Ray-Ban","RAY BAN    0RX 5438I","Eyeglasses","eyeglasses","Square","unisex",5661,6290,10,"ON SALE","https://cdn.shopify.com/s/files/1/0608/8563/1222/files/RAY_BAN_5438I_8447_..........webp?v=1784615288",1,1,"https://dayalopticalsindia.com/products/ray-ban-0rx-5438i",18,9,7,0.25
"do-9475063152886","Ray-Ban","RAY BAN    0RX 5431","Eyeglasses","eyeglasses","Rectangle","unisex",8361,9290,10,"ON SALE","https://cdn.shopify.com/s/files/1/0608/8563/1222/files/RAY_BAN_5431_2012_..............webp?v=1784547139",1,1,"https://dayalopticalsindia.com/products/ray-ban-0rx-5431",18,9,7,0.25
"do-9475030810870","Ray-Ban","RAY BAN    0RX 5429","Eyeglasses","eyeglasses","Oval","unisex",8361,9290,10,"ON SALE","https://cdn.shopify.com/s/files/1/0608/8563/1222/files/RAY_BAN_5429_2000_........webp?v=1784545843",2,2,"https://dayalopticalsindia.com/products/ray-ban-0rx-5429",18,9,7,0.25
"do-9475017965814","Ray-Ban","RAY BAN    0RX 5420I","Eyeglasses","eyeglasses","Aviator","women",5571,6190,10,"ON SALE","https://cdn.shopify.com/s/files/1/0608/8563/1222/files/RAY_BAN_5420I_5125_.............webp?v=1784545277",1,1,"https://dayalopticalsindia.com/products/ray-ban-0rx-5420i-1",18,9,7,0.25
"do-9474989949174","Ray-Ban","RAY BAN    0RX 5410I","Eyeglasses","eyeglasses","Oval","unisex",5661,6290,10,"ON SALE","https://cdn.shopify.com/s/files/1/0608/8563/1222/files/RAY_BAN_5410I_2001_.............webp?v=1784544253",1,1,"https://dayalopticalsindia.com/products/ray-ban-0rx-5410i",18,9,7,0.25
"do-9474859368694","Ray-Ban","RAY BAN    0RX 3929V","Eyeglasses","eyeglasses","Square","unisex",9981,11090,10,"ON SALE","https://cdn.shopify.com/s/files/1/0608/8563/1222/files/RAY_BAN_3929V_2500_............webp?v=1784534421",3,6,"https://dayalopticalsindia.com/products/ray-ban-0rx-3929v",18,9,7,0.25
"do-9474856419574","Ray-Ban","RAY BAN    0RX 3928V","Eyeglasses","eyeglasses","Rectangle","unisex",9981,11090,10,"ON SALE","https://cdn.shopify.com/s/files/1/0608/8563/1222/files/RAY_BAN_3928V_2500_...........webp?v=1784533296",3,3,"https://dayalopticalsindia.com/products/ray-ban-0rx-3928v",18,9,7,0.25
"do-9474850291958","Ray-Ban","RAY BAN    0RX 3927V","Eyeglasses","eyeglasses","Rectangle","unisex",8901,9890,10,"ON SALE","https://cdn.shopify.com/s/files/1/0608/8563/1222/files/RAY_BAN_3927V_2500_..............webp?v=1784532397",3,6,"https://dayalopticalsindia.com/products/ray-ban-0rx-3927v",18,9,7,0.25
"do-9474844983542","Ray-Ban","RAY BAN    0RX 3925V","Eyeglasses","eyeglasses","Aviator","unisex",8901,9890,10,"ON SALE","https://cdn.shopify.com/s/files/1/0608/8563/1222/files/RAY_BAN_3925V_2500_..............webp?v=1784530036",3,3,"https://dayalopticalsindia.com/products/ray-ban-0rx-3925v",18,9,7,0.25
"do-9474833907958","Ray-Ban","RAY BAN    0RX 3768V","Eyeglasses","eyeglasses","Geometric","unisex",7821,8690,10,"ON SALE","https://cdn.shopify.com/s/files/1/0608/8563/1222/files/RAY_BAN_3768V_2500_......webp?v=1784528170",4,4,"https://dayalopticalsindia.com/products/ray-ban-0rx-3768v",18,9,7,0.25
"do-9474800353526","Ray-Ban","RAY BAN    0RX 3767V","Eyeglasses","eyeglasses","Oval","unisex",7821,8690,10,"ON SALE","https://cdn.shopify.com/s/files/1/0608/8563/1222/files/RAY_BAN_3767V_2500_........webp?v=1784526927",3,4,"https://dayalopticalsindia.com/products/ray-ban-0rx-3767v",18,9,7,0.25
"do-9472808255734","Ray-Ban","RAY BAN    0RX 3758V","Eyeglasses","eyeglasses","Aviator","unisex",7011,7790,10,"ON SALE","https://cdn.shopify.com/s/files/1/0608/8563/1222/files/RAY_BAN_3758V_2501_..........800x.webp?v=1784379164",3,8,"https://dayalopticalsindia.com/products/ray-ban-0rx-3758v",18,9,7,0.25
"do-9472745701622","Ray-Ban","RAY BAN    0RX 3746V","Eyeglasses","eyeglasses","Rectangle","unisex",8361,9290,10,"ON SALE","https://cdn.shopify.com/s/files/1/0608/8563/1222/files/RAY_BAN_3746V_2500_.......webp?v=1784377186",3,8,"https://dayalopticalsindia.com/products/ray-ban-0rx-3746v",18,9,7,0.25
"do-7755059986678","Ray-Ban","RAY  BAN  0RX 3447V","Eyeglasses","eyeglasses","Round Optical","men",8361,9290,10,"ON SALE","https://cdn.shopify.com/s/files/1/0608/8563/1222/products/8053672875263_2.jpg?v=1657971810",6,19,"https://dayalopticalsindia.com/products/ray-ban-51",18,9,7,0.25
"do-9472626688246","Ray-Ban","RAY BAN    0RX 3735V","Eyeglasses","eyeglasses","Aviator","unisex",8361,9290,10,"ON SALE","https://cdn.shopify.com/s/files/1/0608/8563/1222/files/RAY_BAN_3735V_2500_........webp?v=1784374578",3,8,"https://dayalopticalsindia.com/products/ray-ban-0rx-3735v",18,9,7,0.25
"do-9472590151926","Ray-Ban","RAY BAN    0RX 3698VM","Eyeglasses","eyeglasses","Square","unisex",10431,11590,10,"ON SALE","https://cdn.shopify.com/s/files/1/0608/8563/1222/files/RAY_BAN_3698VM_F041_............webp?v=1784373280",2,2,"https://dayalopticalsindia.com/products/ray-ban-0rx-3698vm",18,9,7,0.25
"do-9472508395766","Ray-Ban","RAY BAN    0RX 2223V","Eyeglasses","eyeglasses","Oval","women",8361,9290,10,"ON SALE","https://cdn.shopify.com/s/files/1/0608/8563/1222/files/RAY_BAN_2223V_2000_..............webp?v=1784367353",2,4,"https://dayalopticalsindia.com/products/ray-ban-0rx-2223v",18,9,7,0.25
"do-9472320012534","Ray-Ban","RAY BAN    0RX 2221V","Eyeglasses","eyeglasses","Oval","women",8361,9290,10,"ON SALE","https://cdn.shopify.com/s/files/1/0608/8563/1222/files/RAY_BAN_2221V_2000_..........webp?v=1784362026",4,5,"https://dayalopticalsindia.com/products/ray-ban-0rx-2221v",18,9,7,0.25
"do-9476259512566","Ray-Ban","RAY BAN    0RX 5435","Eyeglasses","eyeglasses","Rectangle","unisex",10881,12090,10,"ON SALE","https://cdn.shopify.com/s/files/1/0608/8563/1222/files/RAY_BAN_5435_8382_...............webp?v=1784611384",3,6,"https://dayalopticalsindia.com/products/ray-ban-0rx-5435",18,9,7,0.25
"do-9447138132214","Ray-Ban","RAY BAN    0RX 2210V","Eyeglasses","eyeglasses","Square","unisex",10881,12090,10,"ON SALE","https://cdn.shopify.com/s/files/1/0608/8563/1222/files/RAY_BAN_2210V_8381_...webp?v=1783581504",3,5,"https://dayalopticalsindia.com/products/ray-ban-0rx-2210v",18,9,7,0.25
"do-9447056998646","Ray-Ban","RAY BAN    0RX 0832V","Eyeglasses","eyeglasses","Square","unisex",8901,9890,10,"ON SALE","https://cdn.shopify.com/s/files/1/0608/8563/1222/files/RAY_BAN_0832V_2000_.....webp?v=1783578351",4,5,"https://dayalopticalsindia.com/products/ray-ban-0rx-0832v",18,9,7,0.25
"do-9460618428662","Ray-Ban","RAY BAN    0RX 6518","Eyeglasses","eyeglasses","Wayfarer","unisex",9981,11090,10,"ON SALE","https://cdn.shopify.com/s/files/1/0608/8563/1222/files/RAY_BAN_6518_2620_..........webp?v=1784028079",2,3,"https://dayalopticalsindia.com/products/ray-ban-0rx-6518",18,9,7,0.25
"do-9460505542902","Ray-Ban","RAY BAN    0RX 6520","Eyeglasses","eyeglasses","Rectangle","unisex",8361,9290,10,"ON SALE","https://cdn.shopify.com/s/files/1/0608/8563/1222/files/RAY_BAN_6520_2500_.........webp?v=1784025486",3,7,"https://dayalopticalsindia.com/products/ray-ban-0rx-6520",18,9,7,0.25
"do-9460412154102","Ray-Ban","RAY BAN    0RX 6528","Eyeglasses","eyeglasses","Geometric","unisex",7011,7790,10,"ON SALE","https://cdn.shopify.com/s/files/1/0608/8563/1222/files/RAY_BAN_6528_2500_............webp?v=1784022927",3,5,"https://dayalopticalsindia.com/products/ray-ban-0rx-6528",18,9,7,0.25
"do-9460079165686","Ray-Ban","RAY BAN    0RX 6533","Eyeglasses","eyeglasses","Rectangle","unisex",7551,8390,10,"ON SALE","https://cdn.shopify.com/s/files/1/0608/8563/1222/files/RAY_BAN_6533_2500_............_800x_d148841f-69d8-4029-ac7a-51663cfb0d1b.webp?v=1784016176",3,7,"https://dayalopticalsindia.com/products/ray-ban-0rx-6533",18,9,7,0.25
"do-9460039975158","Ray-Ban","RAY BAN    0RX 6534","Eyeglasses","eyeglasses","Wayfarer","unisex",7551,8390,10,"ON SALE","https://cdn.shopify.com/s/files/1/0608/8563/1222/files/RAY_BAN_6534_2500_...webp?v=1784014330",2,5,"https://dayalopticalsindia.com/products/ray-ban-0rx-6534",18,9,7,0.25
"do-9459980468470","Ray-Ban","RAY BAN    0RX 6538D","Eyeglasses","eyeglasses","Oval","unisex",7551,8390,10,"ON SALE","https://cdn.shopify.com/s/files/1/0608/8563/1222/files/RAY_BAN_6538D_2993_...........webp?v=1784013039",1,3,"https://dayalopticalsindia.com/products/ray-ban-0rx-6538d",18,9,7,0.25
"do-9459925811446","Ray-Ban","RAY BAN    0RX 6539I","Eyeglasses","eyeglasses","Square","unisex",5121,5690,10,"ON SALE","https://cdn.shopify.com/s/files/1/0608/8563/1222/files/RAY_BAN_6539I_2500_.........800x.webp?v=1784011567",2,2,"https://dayalopticalsindia.com/products/ray-ban-0rx-6539i",18,9,7,0.25
"do-9459852869878","Ray-Ban","RAY BAN    0RX 6540I","Eyeglasses","eyeglasses","Rectangle","unisex",5391,5990,10,"ON SALE","https://cdn.shopify.com/s/files/1/0608/8563/1222/files/RAY_BAN_6540I_2502_..............800x.webp?v=1784009764",2,4,"https://dayalopticalsindia.com/products/ray-ban-0rx-6540i",18,9,7,0.25
"do-9459801260278","Ray-Ban","RAY BAN    0RX 6542I","Eyeglasses","eyeglasses","Square","unisex",5391,5990,10,"ON SALE","https://cdn.shopify.com/s/files/1/0608/8563/1222/files/RAY_BAN_6542I_2509_....._800x_c0d5e786-aff6-4759-8fe4-c0a07457ab92.webp?v=1784008010",3,4,"https://dayalopticalsindia.com/products/ray-ban-0rx-6542i",18,9,7,0.25
"do-9458329518326","Ray-Ban","RAY BAN    0RX 6546I","Eyeglasses","eyeglasses","Rectangle","unisex",5391,5990,10,"ON SALE","https://cdn.shopify.com/s/files/1/0608/8563/1222/files/RAY_BAN_6546I_2500_...........webp?v=1783942478",4,4,"https://dayalopticalsindia.com/products/ray-ban-0rx-6546i",18,9,7,0.25
"do-9458289934582","Ray-Ban","RAY BAN    0RX 6548","Eyeglasses","eyeglasses","Square","unisex",7821,8690,10,"ON SALE","https://cdn.shopify.com/s/files/1/0608/8563/1222/files/RAY_BAN_6548_2500_...........webp?v=1783940758",4,10,"https://dayalopticalsindia.com/products/ray-ban-0rx-6548",18,9,7,0.25
"do-9458142806262","Ray-Ban","RAY BAN    0RX 6549","Eyeglasses","eyeglasses","Rectangle","unisex",7821,8690,10,"ON SALE","https://cdn.shopify.com/s/files/1/0608/8563/1222/files/RAY_BAN_6549_2500_........webp?v=1783936110",4,10,"https://dayalopticalsindia.com/products/ray-ban-0rx-6549",18,9,7,0.25
"do-9458010947830","Ray-Ban","RAY BAN    0RX 6550","Eyeglasses","eyeglasses","Rectangle","unisex",8361,9290,10,"ON SALE","https://cdn.shopify.com/s/files/1/0608/8563/1222/files/RAY_BAN_6550_2500_...........webp?v=1783931062",5,5,"https://dayalopticalsindia.com/products/ray-ban-0rx-6550",18,9,7,0.25
"do-9457972150518","Ray-Ban","RAY BAN    0RX 6552","Eyeglasses","eyeglasses","Oval","unisex",7011,7790,10,"ON SALE","https://cdn.shopify.com/s/files/1/0608/8563/1222/files/RAY_BAN_6552_2502_............webp?v=1783929238",2,6,"https://dayalopticalsindia.com/products/ray-ban-0rx-6552",18,9,7,0.25
"do-9457891279094","Ray-Ban","RAY BAN    0RX 6579","Eyeglasses","eyeglasses","Square","unisex",8361,9290,10,"ON SALE","https://cdn.shopify.com/s/files/1/0608/8563/1222/files/RAY_BAN_6579_2500_......webp?v=1783927326",4,10,"https://dayalopticalsindia.com/products/ray-ban-0rx-6579",18,9,7,0.25
"do-9457828069622","Ray-Ban","RAY BAN    0RX 6621M","Eyeglasses","eyeglasses","Wayfarer","unisex",11601,12890,10,"ON SALE","https://cdn.shopify.com/s/files/1/0608/8563/1222/files/RAY_BAN_6621M_F129_.........webp?v=1783925810",3,4,"https://dayalopticalsindia.com/products/ray-ban-0rx-6621m",18,9,7,0.25
"do-9457752080630","Ray-Ban","RAY BAN    0RX 6645","Eyeglasses","eyeglasses","Rectangle","unisex",8361,9290,10,"ON SALE","https://cdn.shopify.com/s/files/1/0608/8563/1222/files/RAY_BAN_6645_2501_.........webp?v=1783924223",3,4,"https://dayalopticalsindia.com/products/ray-ban-0rx-6645",18,9,7,0.25
"do-9457647321334","Ray-Ban","RAY BAN    0RX 6647","Eyeglasses","eyeglasses","Geometric","unisex",8361,9290,10,"ON SALE","https://cdn.shopify.com/s/files/1/0608/8563/1222/files/RAY_BAN_6647_2500_.............webp?v=1783922469",3,8,"https://dayalopticalsindia.com/products/ray-ban-0rx-6647",18,9,7,0.25
"do-9457582473462","Ray-Ban","RAY BAN    0RX 7025","Eyeglasses","eyeglasses","Rectangle","unisex",8361,9290,10,"ON SALE","https://cdn.shopify.com/s/files/1/0608/8563/1222/files/RAY_BAN_7025_2000_........webp?v=1783920975",3,5,"https://dayalopticalsindia.com/products/ray-ban-0rx-7025",18,9,7,0.25
"do-9454914535670","Ray-Ban","RAY BAN    0RX 7170I","Eyeglasses","eyeglasses","Rectangle","men",4311,4790,10,"ON SALE","https://cdn.shopify.com/s/files/1/0608/8563/1222/files/RAY_BAN_7170I_2000_.........800x.webp?v=1783757305",4,9,"https://dayalopticalsindia.com/products/ray-ban-0rx-7170i",18,9,7,0.25
"do-9454905950454","Ray-Ban","RAY BAN    0RX 7188","Eyeglasses","eyeglasses","Cat Eye","women",5391,5990,10,"ON SALE","https://cdn.shopify.com/s/files/1/0608/8563/1222/files/RAY_BAN_7188_2000_..........webp?v=1783756123",1,1,"https://dayalopticalsindia.com/products/ray-ban-0rx-7188",18,9,7,0.25
"do-9454903558390","Ray-Ban","RAY BAN    0RX 7214","Eyeglasses","eyeglasses","Square","unisex",8901,9890,10,"ON SALE","https://cdn.shopify.com/s/files/1/0608/8563/1222/files/RAY_BAN_7214_2000_.........webp?v=1783753607",3,4,"https://dayalopticalsindia.com/products/ray-ban-0rx-7214",18,9,7,0.25
"do-9454900084982","Ray-Ban","RAY BAN    0RX 7215","Eyeglasses","eyeglasses","Square","unisex",8901,9890,10,"ON SALE","https://cdn.shopify.com/s/files/1/0608/8563/1222/files/RAY_BAN_7215_2012_.........webp?v=1783752817",1,1,"https://dayalopticalsindia.com/products/ray-ban-0rx-7215",18,9,7,0.25
"do-9454880030966","Ray-Ban","RAY BAN    0RX 7238","Eyeglasses","eyeglasses","Geometric","unisex",7011,7790,10,"ON SALE","https://cdn.shopify.com/s/files/1/0608/8563/1222/files/RAY_BAN_7238_2000_...webp?v=1783751072",3,4,"https://dayalopticalsindia.com/products/ray-ban-0rx-7238",18,9,7,0.25
"do-9454796734710","Ray-Ban","RAY BAN    0RX 7249I","Eyeglasses","eyeglasses","Rectangle","unisex",5391,5990,10,"ON SALE","https://cdn.shopify.com/s/files/1/0608/8563/1222/files/RAY_BAN_7249I_6751_...........webp?v=1783747886",1,1,"https://dayalopticalsindia.com/products/ray-ban-0rx-7249i",18,9,7,0.25
"do-9450594730230","Ray-Ban","RAY BAN    0RX 7257","Eyeglasses","eyeglasses","Oval","unisex",7011,7790,10,"ON SALE","https://cdn.shopify.com/s/files/1/0608/8563/1222/files/RAY_BAN_7257_8434_......800x.webp?v=1783683377",2,2,"https://dayalopticalsindia.com/products/ray-ban-0rx-7257",18,9,7,0.25
"do-9450555015414","Ray-Ban","RAY BAN    0RX 7258","Eyeglasses","eyeglasses","Square","unisex",7011,7790,10,"ON SALE","https://cdn.shopify.com/s/files/1/0608/8563/1222/files/RAY_BAN_7258_8260_.........800x.webp?v=1783682354",2,2,"https://dayalopticalsindia.com/products/ray-ban-0rx-7258",18,9,7,0.25
"do-9450445865206","Ray-Ban","RAY BAN    0RX 7260","Eyeglasses","eyeglasses","Square","unisex",8361,9290,10,"ON SALE","https://cdn.shopify.com/s/files/1/0608/8563/1222/files/RAY_BAN_7260_2000_.........webp?v=1783680158",5,5,"https://dayalopticalsindia.com/products/ray-ban-0rx-7260",18,9,7,0.25
"do-9450090922230","Ray-Ban","RAY BAN    0RX 7265","Eyeglasses","eyeglasses","Oval","unisex",7011,7790,10,"ON SALE","https://cdn.shopify.com/s/files/1/0608/8563/1222/files/RAY_BAN_7265_8260_.......webp?v=1783670805",3,6,"https://dayalopticalsindia.com/products/ray-ban-0rx-7265",18,9,7,0.25
"do-9450038722806","Ray-Ban","RAY BAN    0RX 7267I","Eyeglasses","eyeglasses","Rectangle","men",5990,5990,0,"LUXURY ATELIER","https://cdn.shopify.com/s/files/1/0608/8563/1222/files/RAY_BAN_7267I_2000_............webp?v=1783669302",3,4,"https://dayalopticalsindia.com/products/ray-ban-0rx-7267i",18,9,7,0.25
"do-9449890545910","Ray-Ban","RAY BAN    0RX 7330","Eyeglasses","eyeglasses","Oval","unisex",7011,7790,10,"ON SALE","https://cdn.shopify.com/s/files/1/0608/8563/1222/files/RAY_BAN_7330_8260_.......webp?v=1783666699",2,3,"https://dayalopticalsindia.com/products/ray-ban-0rx-7330",18,9,7,0.25
"do-9449809084662","Ray-Ban","RAY BAN    0RX 7397","Eyeglasses","eyeglasses","Oval","unisex",11090,11090,0,"LUXURY ATELIER","https://cdn.shopify.com/s/files/1/0608/8563/1222/files/RAY_BAN_7397_5204_.......webp?v=1783664810",4,7,"https://dayalopticalsindia.com/products/ray-ban-0rx-7397",18,9,7,0.25
"do-9449746759926","Ray-Ban","RAY BAN    0RX 7552","Eyeglasses","eyeglasses","Clubmaster","unisex",11061,12290,10,"ON SALE","https://cdn.shopify.com/s/files/1/0608/8563/1222/files/RAY_BAN_7552_3209_.........800x.webp?v=1783663056",4,4,"https://dayalopticalsindia.com/products/ray-ban-0rx-7552",18,9,7,0.25
"do-9447976435958","Ray-Ban","RAY BAN    0RX 8423","Eyeglasses","eyeglasses","Rectangle","unisex",11061,12290,10,"ON SALE","https://cdn.shopify.com/s/files/1/0608/8563/1222/files/RAY_BAN_8423_2500_........800x.webp?v=1783601155",4,4,"https://dayalopticalsindia.com/products/ray-ban-0rx-8423",18,9,7,0.25
"do-9447927709942","Ray-Ban","RAY BAN    0RX 8425M","Eyeglasses","eyeglasses","Rectangle","unisex",12681,14090,10,"ON SALE","https://cdn.shopify.com/s/files/1/0608/8563/1222/files/RAY_BAN_8425M_F002_........webp?v=1783598781",3,8,"https://dayalopticalsindia.com/products/ray-ban-0rx-8425m",18,9,7,0.25
"do-9447746797814","Ray-Ban","RAY BAN    0RX 8779D","Eyeglasses","eyeglasses","Rectangle","unisex",11061,12290,10,"ON SALE","https://cdn.shopify.com/s/files/1/0608/8563/1222/files/RAY_BAN_8779D_1012_..webp?v=1783593915",4,4,"https://dayalopticalsindia.com/products/ray-ban-0rx-8779d",18,9,7,0.25
"do-9447609467126","Ray-Ban","RAY BAN    0RX 8780D","Eyeglasses","eyeglasses","Wayfarer","unisex",11061,12290,10,"ON SALE","https://cdn.shopify.com/s/files/1/0608/8563/1222/files/RAY_BAN_8780D_1047_.......webp?v=1783590983",3,3,"https://dayalopticalsindia.com/products/ray-ban-0rx-8780d",18,9,7,0.25
"do-9447334478070","Ray-Ban","RAY BAN    0RX 8781D","Eyeglasses","eyeglasses","Rectangle","unisex",9981,11090,10,"ON SALE","https://cdn.shopify.com/s/files/1/0608/8563/1222/files/RAY_BAN_8781D_1000_......webp?v=1783585738",4,4,"https://dayalopticalsindia.com/products/ray-ban-0rx-8781d",18,9,7,0.25
"do-9447181222134","Ray-Ban","RAY BAN    0RX 8797","Eyeglasses","eyeglasses","Square","unisex",19161,21290,10,"ON SALE","https://cdn.shopify.com/s/files/1/0608/8563/1222/files/RAY_BAN_8797_1002_.......webp?v=1783583661",4,5,"https://dayalopticalsindia.com/products/ray-ban-0rx-8797",18,9,7,0.25
"do-8777805168886","Ray-Ban","RAY  BAN   0RX 7217","Eyeglasses","eyeglasses","Wayfarer/Square optical","unisex",7551,8390,10,"ON SALE","https://cdn.shopify.com/s/files/1/0608/8563/1222/files/ray-ban-rx-7217-chad-8260-black-8056597842938.webp?v=1721996108",5,6,"https://dayalopticalsindia.com/products/ray-ban-0rx-7217",18,9,7,0.25
"do-9445678678262","Ray-Ban","RAY BAN META 7002 SCRIBER","Sunglasses","sunglasses","Oval","unisex",46200,46200,0,"SMART GLASSES","https://cdn.shopify.com/s/files/1/0608/8563/1222/files/Ray_Ban_Meta_7002_8532............webp?v=1783489634",1,1,"https://dayalopticalsindia.com/products/ray-ban-meta-7002-scriber-3",18,9,7,0.25
"do-9445663539446","Ray-Ban","RAY BAN META 7002 SCRIBER","Sunglasses","sunglasses","Oval","unisex",46200,46200,0,"SMART GLASSES","https://cdn.shopify.com/s/files/1/0608/8563/1222/files/Ray_Ban_Meta_7002_8528...........webp?v=1783489093",1,1,"https://dayalopticalsindia.com/products/ray-ban-meta-7002-scriber-2",18,9,7,0.25
"do-9445644239094","Ray-Ban","RAY BAN META 7002 SCRIBER","Sunglasses","sunglasses","Oval","unisex",46200,46200,0,"SMART GLASSES","https://cdn.shopify.com/s/files/1/0608/8563/1222/files/Ray_Ban_Meta_7002_8526............webp?v=1783488285",1,1,"https://dayalopticalsindia.com/products/ray-ban-meta-7002-scriber-1",18,9,7,0.25
"do-9443968876790","Ray-Ban","RAY BAN META 7002 SCRIBER","Sunglasses","sunglasses","Oval","unisex",46200,46200,0,"SMART GLASSES","https://cdn.shopify.com/s/files/1/0608/8563/1222/files/Ray_Ban_Meta_7002_2000.............webp?v=1783335645",1,1,"https://dayalopticalsindia.com/products/ray-ban-meta-7002-scriber",18,9,7,0.25
"do-9444731224310","Ray-Ban","RAY BAN META 7001 BLAYZER","Sunglasses","sunglasses","Wayfarer","unisex",46200,46200,0,"SMART GLASSES","https://cdn.shopify.com/s/files/1/0608/8563/1222/files/Ray_Ban_Meta_7001_8530..........webp?v=1783429241",1,2,"https://dayalopticalsindia.com/products/ray-ban-meta-7001-blayzer-2",18,9,7,0.25
"do-9444727881974","Ray-Ban","RAY BAN META 7001 BLAYZER","Sunglasses","sunglasses","Wayfarer","unisex",46200,46200,0,"SMART GLASSES","https://cdn.shopify.com/s/files/1/0608/8563/1222/files/Ray_Ban_Meta_7001_8529...........webp?v=1783428776",1,2,"https://dayalopticalsindia.com/products/ray-ban-meta-7001-blayzer-1",18,9,7,0.25
"do-9444725981430","Ray-Ban","RAY BAN META 7001 BLAYZER","Sunglasses","sunglasses","Wayfarer","unisex",46200,46200,0,"SMART GLASSES","https://cdn.shopify.com/s/files/1/0608/8563/1222/files/Ray_Ban_Meta_7001_8528.........._70206036-0a55-482b-a6a2-18614215cbb6.webp?v=1783428215",1,2,"https://dayalopticalsindia.com/products/ray-ban-meta-7001-blayzer",18,9,7,0.25
"do-9444722082038","Ray-Ban","RAY BAN META 7001 BLAYZER","Sunglasses","sunglasses","Wayfarer","unisex",46200,46200,0,"SMART GLASSES","https://cdn.shopify.com/s/files/1/0608/8563/1222/files/Ray_Ban_Meta_7001_8526..........webp?v=1783427623",1,2,"https://dayalopticalsindia.com/products/ray-ban-meta-7001-blayzer-copy",18,9,7,0.25
"do-9443902947574","Ray-Ban","RAY BAN META 7001 BLAYZER","Sunglasses","sunglasses","Wayfarer","unisex",46200,46200,0,"SMART GLASSES","https://cdn.shopify.com/s/files/1/0608/8563/1222/files/Ray_Ban_Meta_7001_2077...........webp?v=1783331207",1,2,"https://dayalopticalsindia.com/products/ray-ban-meta-7001",18,9,7,0.25
"do-9437807444214","Ray-Ban","RAY BAN 0RB 8329M","Sunglasses","sunglasses","Rectangle","unisex",18891,20990,10,"ON SALE","https://cdn.shopify.com/s/files/1/0608/8563/1222/files/RAY_BAN_8329M_F00231_......webp?v=1782904936",1,2,"https://dayalopticalsindia.com/products/ray-ban-0rb-8329m",18,9,7,0.25
"do-9437845487862","Ray-Ban","RAY BAN 0RB 8097","Sunglasses","sunglasses","Aviator","unisex",28071,31190,10,"POLARIZED CLASSIC","https://cdn.shopify.com/s/files/1/0608/8563/1222/files/RAY_BAN_8097_9209R5_._1.webp?v=1782906085",3,4,"https://dayalopticalsindia.com/products/ray-ban-0rb-8097",18,9,7,0.25
"do-9437884416246","Ray-Ban","RAY BAN 0RB 4475CH","Sunglasses","sunglasses","Rectangle","unisex",13167,14630,10,"ON SALE","https://cdn.shopify.com/s/files/1/0608/8563/1222/files/RAY_BAN_4470CH_60171B_.._800x_ebcdf34d-b33b-4275-95c2-4de4fcf08770.webp?v=1782911073",3,5,"https://dayalopticalsindia.com/products/ray-ban-0rb-4475ch",18,9,7,0.25
"do-9437878583542","Ray-Ban","RAY BAN 0RB 4472","Sunglasses","sunglasses","Oval","unisex",9621,10690,10,"ON SALE","https://cdn.shopify.com/s/files/1/0608/8563/1222/files/RAY_BAN_4472_13592_...webp?v=1782908478",3,8,"https://dayalopticalsindia.com/products/ray-ban-0rb-4472",18,9,7,0.25
"do-9438441767158","Ray-Ban","RAY BAN 0RB 3931","Sunglasses","sunglasses","Oval","unisex",12231,13590,10,"POLARIZED CLASSIC","https://cdn.shopify.com/s/files/1/0608/8563/1222/files/RAY_BAN_3931_001-31_.....webp?v=1782974893",2,7,"https://dayalopticalsindia.com/products/ray-ban-0rb-3931",18,9,7,0.25
"do-9438482006262","Ray-Ban","RAY BAN 0RB 3929","Sunglasses","sunglasses","Oval","unisex",13671,15190,10,"POLARIZED CLASSIC","https://cdn.shopify.com/s/files/1/0608/8563/1222/files/RAY_BAN_3929_001-71_.....webp?v=1782979100",2,7,"https://dayalopticalsindia.com/products/ray-ban-0rb-3929",18,9,7,0.25
"do-9438550884598","Ray-Ban","RAY BAN 0RB  3928","Sunglasses","sunglasses","Rectangle","unisex",13671,15190,10,"ON SALE","https://cdn.shopify.com/s/files/1/0608/8563/1222/files/RAY_BAN_3928_001-71_....._800x_44c90a68-66eb-4ca8-9fbd-5a3e359da19f.webp?v=1782986175",2,6,"https://dayalopticalsindia.com/products/ray-ban-0rb-3928",18,9,7,0.25
"do-9438567858422","Ray-Ban","RAY BAN 0RB 3927","Sunglasses","sunglasses","Rectangle","unisex",12231,13590,10,"ON SALE","https://cdn.shopify.com/s/files/1/0608/8563/1222/files/RAY_BAN_3927_001-31_...._800x_e561769d-56bd-472c-a525-a374cc46d406.webp?v=1782988282",2,5,"https://dayalopticalsindia.com/products/ray-ban-0rb-3927",18,9,7,0.25
"do-9438582571254","Ray-Ban","RAY BAN 0RB 3819M","Sunglasses","sunglasses","Oval","unisex",16299,18110,10,"ON SALE","https://cdn.shopify.com/s/files/1/0608/8563/1222/files/RAY_BAN_3819M_F0017A_....webp?v=1782991691",1,2,"https://dayalopticalsindia.com/products/ray-ban-0rb-3819m",18,9,7,0.25
"do-9439618826486","Ray-Ban","RAY BAN 0RB 3789M","Sunglasses","sunglasses","Aviator","unisex",18945,21410,12,"ON SALE","https://cdn.shopify.com/s/files/1/0608/8563/1222/files/RAY_BAN_3789M_F1247A_...webp?v=1783077172",3,4,"https://dayalopticalsindia.com/products/ray-ban-0rb-3789m",18,9,7,0.25
"do-9443719348470","Ray-Ban","RAY BAN 0RB 3787I","Sunglasses","sunglasses","Geometric","unisex",7731,8590,10,"ON SALE","https://cdn.shopify.com/s/files/1/0608/8563/1222/files/RAY_BAN_3787I_001-71_.....webp?v=1783319927",2,4,"https://dayalopticalsindia.com/products/ray-ban-0rb-3787i",18,9,7,0.25
"do-9443750871286","Ray-Ban","RAY BAN 0RB 3786I","Sunglasses","sunglasses","Rectangle","unisex",7731,8590,10,"ON SALE","https://cdn.shopify.com/s/files/1/0608/8563/1222/files/RAY_BAN_3786I_001-71_...._800x_19e1a66c-05ab-440d-b307-9f9209a45ef6.webp?v=1783322095",4,4,"https://dayalopticalsindia.com/products/ray-ban-0rb-3786i",18,9,7,0.25
"do-9443776168182","Ray-Ban","RAY BAN 0RB 3785I","Sunglasses","sunglasses","Rectangle","unisex",7371,8190,10,"ON SALE","https://cdn.shopify.com/s/files/1/0608/8563/1222/files/RAY_BAN_3785I_001-71_..._befbebdf-cd69-4b77-80b8-97105e3c1933.webp?v=1783323605",3,4,"https://dayalopticalsindia.com/products/ray-ban-0rb-3785i",18,9,7,0.25
"do-9443816210678","Ray-Ban","RAY BAN 0RB 3783","Sunglasses","sunglasses","Cat Eye","unisex",9621,10690,10,"ON SALE","https://cdn.shopify.com/s/files/1/0608/8563/1222/files/RAY_BAN_3783_003-80_...webp?v=1783326623",3,10,"https://dayalopticalsindia.com/products/ray-ban-0rb-3783",18,9,7,0.25
"do-9443960750326","Ray-Ban","RAY BAN 0RB 3782","Sunglasses","sunglasses","Square","unisex",9621,10690,10,"ON SALE","https://cdn.shopify.com/s/files/1/0608/8563/1222/files/RAY_BAN_3782_003-1_.....webp?v=1783334632",3,10,"https://dayalopticalsindia.com/products/ray-ban-0rb-3782",18,9,7,0.25
"do-9443984933110","Ray-Ban","RAY BAN 0RB 3781","Sunglasses","sunglasses","Single Lens","unisex",9621,10690,10,"ON SALE","https://cdn.shopify.com/s/files/1/0608/8563/1222/files/RAY_BAN_3781_003-80_.....webp?v=1783337534",2,4,"https://dayalopticalsindia.com/products/ray-ban-0rb-3781",18,9,7,0.25
"do-9443999023350","Ray-Ban","RAY BAN 0RB 3779","Sunglasses","sunglasses","Square","unisex",11511,12790,10,"ON SALE","https://cdn.shopify.com/s/files/1/0608/8563/1222/files/RAY_BAN_3779_001-31_..._3.webp?v=1783339660",4,13,"https://dayalopticalsindia.com/products/ray-ban-0rb-3779",18,9,7,0.25
"do-9444007280886","Ray-Ban","RAY BAN 0RB 3777","Sunglasses","sunglasses","Oval","unisex",10701,11890,10,"ON SALE","https://cdn.shopify.com/s/files/1/0608/8563/1222/files/RAY_BAN_3777_001-31_.....webp?v=1783342336",3,5,"https://dayalopticalsindia.com/products/ray-ban-0rb-3777",18,9,7,0.25
"do-9444376772854","Ray-Ban","RAY BAN 0RB 3773I","Sunglasses","sunglasses","Square","unisex",7731,8590,10,"ON SALE","https://cdn.shopify.com/s/files/1/0608/8563/1222/files/RAY_BAN_3773I_001-13_.._6794f04a-1fde-44d7-8071-84e1247d9054.webp?v=1783402094",2,3,"https://dayalopticalsindia.com/products/ray-ban-0rb-3773i",18,9,7,0.25
"do-9444389486838","Ray-Ban","RAY BAN 0RB 3759I","Sunglasses","sunglasses","Square","unisex",8001,8890,10,"ON SALE","https://cdn.shopify.com/s/files/1/0608/8563/1222/files/RAY_BAN_3759I_001-13_.....webp?v=1783403808",1,1,"https://dayalopticalsindia.com/products/ray-ban-0rb-3759i",18,9,7,0.25
"do-9437759996150","Ray-Ban","RAY BAN 0RB 3722I","Sunglasses","sunglasses","Aviator","unisex",8361,9290,10,"ON SALE","https://cdn.shopify.com/s/files/1/0608/8563/1222/files/RAY_BAN_3722I_001-51_.._453036b6-de20-48ff-84b4-1f84aff43754.webp?v=1782903390",2,2,"https://dayalopticalsindia.com/products/ray-ban-0rb-3722i",18,9,7,0.25
"do-9444393353462","Ray-Ban","RAY BAN 0RB 3708","Sunglasses","sunglasses","Aviator","men",11421,12690,10,"ON SALE","https://cdn.shopify.com/s/files/1/0608/8563/1222/files/RAY_BAN_3708_001-31.webp?v=1783405785",3,5,"https://dayalopticalsindia.com/products/ray-ban-0rb-3708",18,9,7,0.25
"do-9444441391350","Ray-Ban","RAY BAN 0RB 3705","Sunglasses","sunglasses","Rectangle","men",11421,12690,10,"ON SALE","https://cdn.shopify.com/s/files/1/0608/8563/1222/files/RAY_BAN_3705_001-31_.......webp?v=1783412221",2,4,"https://dayalopticalsindia.com/products/ray-ban-0rb-3705",18,9,7,0.25
"do-9444553228534","Ray-Ban","RAY BAN 0RB 3696M","Sunglasses","sunglasses","Aviator","unisex",10611,11790,10,"ON SALE","https://cdn.shopify.com/s/files/1/0608/8563/1222/files/RAY_BAN_3696M_F02887_......webp?v=1783418467",2,2,"https://dayalopticalsindia.com/products/ray-ban-0rb-3696m",18,9,7,0.25
"do-7775903285494","Ray-Ban","RAY BAN   3647N","Sunglasses","sunglasses","Round","unisex",12681,14090,10,"ON SALE","https://cdn.shopify.com/s/files/1/0608/8563/1222/products/ray-ban-round-double-bridgerb3647n-001-02-51-22-arista.jpg?v=1679659757",3,6,"https://dayalopticalsindia.com/products/ray-ban-353",18,9,7,0.25
"do-7768808554742","Ray-Ban","RAY BAN 0RB 3547N","Sunglasses","sunglasses","Oval","unisex",6921,7690,10,"ON SALE","https://cdn.shopify.com/s/files/1/0608/8563/1222/products/8053672611519_2.jpg?v=1658916466",3,8,"https://dayalopticalsindia.com/products/ray-ban-238",18,9,7,0.25
"do-7875885793526","Ray-Ban","RAY BAN  0RB 3428","Sunglasses","sunglasses","Aviator","unisex",10071,11190,10,"ON SALE","https://cdn.shopify.com/s/files/1/0608/8563/1222/products/0RB3428__923931_030A.jpg?v=1666266433",1,3,"https://dayalopticalsindia.com/products/ray-ban-0rb3428",18,9,7,0.25
"do-9436318630134","Ray-Ban","RAY BAN 0RB 2225","Sunglasses","sunglasses","Rectangle","unisex",10521,11690,10,"ON SALE","https://cdn.shopify.com/s/files/1/0608/8563/1222/files/RAY_BAN_2225_710-58.avif?v=1782718458",3,3,"https://dayalopticalsindia.com/products/ray-ban-0rb-2225",18,9,7,0.25
"do-9436307095798","Ray-Ban","RAY BAN 0RB 2223","Sunglasses","sunglasses","Oval","women",11511,12790,10,"ON SALE","https://cdn.shopify.com/s/files/1/0608/8563/1222/files/RAY_BAN_2223_902-B1_._800x_6d83259f-faf1-44a3-88c6-e9e0ab2641cf.webp?v=1782717227",3,4,"https://dayalopticalsindia.com/products/ray-ban-0rb-2223",18,9,7,0.25
"do-9436256895222","Ray-Ban","RAY BAN 0RB 0832S","Sunglasses","sunglasses","Wayfarer","unisex",12285,13650,10,"ON SALE","https://cdn.shopify.com/s/files/1/0608/8563/1222/files/RAY_BAN_0832S_684532_.....webp?v=1782713589",5,11,"https://dayalopticalsindia.com/products/ray-ban-0rb-0832s",18,9,7,0.25
"do-7774373708022","Ray-Ban","RAY BAN 0RB 3684","Sunglasses","sunglasses","Rectangle","unisex",10071,11190,10,"ON SALE","https://cdn.shopify.com/s/files/1/0608/8563/1222/products/8056597531368_2.jpg?v=1659350739",4,4,"https://dayalopticalsindia.com/products/ray-ban-278",18,9,7,0.25
"do-7775902171382","Ray-Ban","RAY BAN 0RB 3799","Sunglasses","sunglasses","Square","unisex",10071,11190,10,"ON SALE","https://cdn.shopify.com/s/files/1/0608/8563/1222/products/0RB3799__001_31_030A.jpg?v=1673940692",3,5,"https://dayalopticalsindia.com/products/ray-ban-327",18,9,7,0.25
"do-9438417092854","Ray-Ban","RAY BAN 0RB 4470CH","Sunglasses","sunglasses","Rectangle","unisex",13167,14630,10,"POLARIZED CLASSIC","https://cdn.shopify.com/s/files/1/0608/8563/1222/files/RAY_BAN_4470CH_60171B_..800x.webp?v=1782971736",2,3,"https://dayalopticalsindia.com/products/ray-ban-0rb-4470ch",18,9,7,0.25
"do-7768807899382","Ray-Ban","RAY BAN 0RB 3447","Sunglasses","sunglasses","Round","men",13491,14990,10,"ON SALE","https://cdn.shopify.com/s/files/1/0608/8563/1222/products/8056597142441_2.jpg?v=1658906725",7,54,"https://dayalopticalsindia.com/products/ray-ban-223",18,9,7,0.25
"do-7774372888822","Ray-Ban","RAY BAN  0RB 3025I","Sunglasses","sunglasses","Aviator","men",7641,8490,10,"ON SALE","https://cdn.shopify.com/s/files/1/0608/8563/1222/products/0RB3025I__001_3E_030A.jpg?v=1678447339",7,38,"https://dayalopticalsindia.com/products/ray-ban-254",18,9,7,0.25
"do-7768807407862","Ray-Ban","RAY BAN  0RB 3025","Sunglasses","sunglasses","Aviator","men",5841,6490,10,"POLARIZED CLASSIC","https://cdn.shopify.com/s/files/1/0608/8563/1222/products/805289307655_2.jpg?v=1672381450",9,68,"https://dayalopticalsindia.com/products/ray-ban-212",18,9,7,0.25
"do-9422911963382","Vogue","VOGUE  5492","Eyeglasses","eyeglasses","Square","men",5359,6090,12,"ON SALE","https://cdn.shopify.com/s/files/1/0608/8563/1222/files/VOGUE_5492_2718_....webp?v=1781674171",3,5,"https://dayalopticalsindia.com/products/vogue-4193",18,9,7,0.25
"do-9422969209078","Vogue","VOGUE  5489","Eyeglasses","eyeglasses","Oval","women",4567,5190,12,"ON SALE","https://cdn.shopify.com/s/files/1/0608/8563/1222/files/VOGUE_5489_3061_...webp?v=1781675648",2,2,"https://dayalopticalsindia.com/products/vogue-5489",18,9,7,0.25
"do-9423009906934","Vogue","VOGUE  5487B","Eyeglasses","eyeglasses","Cat Eye","women",6943,7890,12,"ON SALE","https://cdn.shopify.com/s/files/1/0608/8563/1222/files/VOGUE_5487B_2386_....webp?v=1781676748",4,5,"https://dayalopticalsindia.com/products/vogue-5487b",18,9,7,0.25
"do-9423039856886","Vogue","VOGUE  5485","Eyeglasses","eyeglasses","Cat Eye","women",4567,5190,12,"ON SALE","https://cdn.shopify.com/s/files/1/0608/8563/1222/files/VOGUE_5485_2925_.....webp?v=1781678215",1,4,"https://dayalopticalsindia.com/products/vogue-5485",18,9,7,0.25
"do-9425089331446","Vogue","VOGUE  5477B","Eyeglasses","eyeglasses","Square","women",6415,7290,12,"ON SALE","https://cdn.shopify.com/s/files/1/0608/8563/1222/files/VOGUE_5477B_W44_....webp?v=1781760251",2,2,"https://dayalopticalsindia.com/products/vogue-5477b",18,9,7,0.25
"do-9425110237430","Vogue","VOGUE  5473I","Eyeglasses","eyeglasses","Square","women",3090,3090,0,"LUXURY ATELIER","https://cdn.shopify.com/s/files/1/0608/8563/1222/files/VOGUE_5473I_W44_....webp?v=1781761578",1,1,"https://dayalopticalsindia.com/products/vogue-5473i",18,9,7,0.25
"do-9425123508470","Vogue","VOGUE  5472","Eyeglasses","eyeglasses","Geometric","men",5535,6290,12,"ON SALE","https://cdn.shopify.com/s/files/1/0608/8563/1222/files/VOGUE_5472_2760_......webp?v=1781762273",4,4,"https://dayalopticalsindia.com/products/vogue-5472",18,9,7,0.25
"do-9425146937590","Vogue","VOGUE  5454","Eyeglasses","eyeglasses","Oval","women",5095,5790,12,"ON SALE","https://cdn.shopify.com/s/files/1/0608/8563/1222/files/VOGUE_5454_W44_.....webp?v=1781763481",1,1,"https://dayalopticalsindia.com/products/vogue-5454",18,9,7,0.25
"do-9425195598070","Vogue","VOGUE  5452","Eyeglasses","eyeglasses","Square","women",4831,5490,12,"ON SALE","https://cdn.shopify.com/s/files/1/0608/8563/1222/files/VOGUE_5452_2924_....webp?v=1781765485",2,2,"https://dayalopticalsindia.com/products/vogue-5452",18,9,7,0.25
"do-9425205559542","Vogue","VOGUE  5434","Eyeglasses","eyeglasses","Rectangle","men",5095,5790,12,"ON SALE","https://cdn.shopify.com/s/files/1/0608/8563/1222/files/VOGUE_5434_2983_.....webp?v=1781766039",1,1,"https://dayalopticalsindia.com/products/vogue-5434",18,9,7,0.25
"do-9425221026038","Vogue","VOGUE  5433","Eyeglasses","eyeglasses","Square","men",5095,5790,12,"ON SALE","https://cdn.shopify.com/s/files/1/0608/8563/1222/files/VOGUE_5433_2983_......webp?v=1781766746",1,1,"https://dayalopticalsindia.com/products/vogue-5433",18,9,7,0.25
"do-9425226662134","Vogue","VOGUE  5420","Eyeglasses","eyeglasses","Square","women",4831,5490,12,"ON SALE","https://cdn.shopify.com/s/files/1/0608/8563/1222/files/VOGUE_5420_2804_..._8f438301-8f44-4095-aea1-9417ee380aa8.webp?v=1781767117",1,2,"https://dayalopticalsindia.com/products/vogue-5420",18,9,7,0.25
"do-9425240981750","Vogue","VOGUE  5407","Eyeglasses","eyeglasses","Square","women",4831,5390,10,"ON SALE","https://cdn.shopify.com/s/files/1/0608/8563/1222/files/VOGUE_5407_2958_......webp?v=1781767992",1,1,"https://dayalopticalsindia.com/products/vogue-5407",18,9,7,0.25
"do-9425259593974","Vogue","VOGUE  5373","Eyeglasses","eyeglasses","Square","unisex",4303,4890,12,"ON SALE","https://cdn.shopify.com/s/files/1/0608/8563/1222/files/VOGUE_5373_2761_......webp?v=1781769038",1,1,"https://dayalopticalsindia.com/products/vogue-5373",18,9,7,0.25
"do-9425276666102","Vogue","VOGUE  5363","Eyeglasses","eyeglasses","Oval","women",4479,5090,12,"ON SALE","https://cdn.shopify.com/s/files/1/0608/8563/1222/files/VOGUE_5363_W44_.....webp?v=1781770112",1,1,"https://dayalopticalsindia.com/products/vogue-5363",18,9,7,0.25
"do-9425298063606","Vogue","VOGUE  5348","Eyeglasses","eyeglasses","Square","men",4479,5090,12,"ON SALE","https://cdn.shopify.com/s/files/1/0608/8563/1222/files/VOGUE_5348_W44_........webp?v=1781771387",1,1,"https://dayalopticalsindia.com/products/vogue-5348",18,9,7,0.25
"do-9425403937014","Vogue","VOGUE  5326","Eyeglasses","eyeglasses","Oval","men",5359,6090,12,"ON SALE","https://cdn.shopify.com/s/files/1/0608/8563/1222/files/VOGUE_5326_3092_........webp?v=1781776087",2,3,"https://dayalopticalsindia.com/products/vogue-5326",18,9,7,0.25
"do-9425415831798","Vogue","VOGUE  5239","Eyeglasses","eyeglasses","Cat Eye","women",6415,7290,12,"ON SALE","https://cdn.shopify.com/s/files/1/0608/8563/1222/files/VOGUE_5239_2735_......webp?v=1781776807",3,5,"https://dayalopticalsindia.com/products/vogue-5239",18,9,7,0.25
"do-9413133041910","Vogue","VOGUE  4304","Eyeglasses","eyeglasses","Oval","women",5799,6590,12,"ON SALE","https://cdn.shopify.com/s/files/1/0608/8563/1222/files/VOGUE_4304_5078_.....jpg?v=1781179275",1,3,"https://dayalopticalsindia.com/products/vogue-4304",18,9,7,0.25
"do-9413192417526","Vogue","VOGUE  4297T","Eyeglasses","eyeglasses","Geometric","women",7383,8390,12,"ON SALE","https://cdn.shopify.com/s/files/1/0608/8563/1222/files/VOGUE_4297T_5191_....webp?v=1781182577",2,5,"https://dayalopticalsindia.com/products/vogue-4297t",18,9,7,0.25
"do-9413787615478","Vogue","VOGUE  4292","Eyeglasses","eyeglasses","Rectangle","men",5887,6690,12,"ON SALE","https://cdn.shopify.com/s/files/1/0608/8563/1222/files/VOGUE_4292_352S_......webp?v=1781243116",5,10,"https://dayalopticalsindia.com/products/vogue-4292",18,9,7,0.25
"do-9413794529526","Vogue","VOGUE  4285","Eyeglasses","eyeglasses","Cat Eye","women",5271,5990,12,"ON SALE","https://cdn.shopify.com/s/files/1/0608/8563/1222/files/VOGUE_4285_280_....webp?v=1781246017",2,6,"https://dayalopticalsindia.com/products/vogue-4285",18,9,7,0.25
"do-9413804130550","Vogue","VOGUE  4283","Eyeglasses","eyeglasses","Geometric","women",5799,6590,12,"ON SALE","https://cdn.shopify.com/s/files/1/0608/8563/1222/files/VOGUE_4283_323_....webp?v=1781247884",2,8,"https://dayalopticalsindia.com/products/vogue-4283",18,9,7,0.25
"do-9413812420854","Vogue","VOGUE  4280T","Eyeglasses","eyeglasses","Oval","women",7383,8390,12,"ON SALE","https://cdn.shopify.com/s/files/1/0608/8563/1222/files/VOGUE_4280T_5192_.....webp?v=1781249799",2,4,"https://dayalopticalsindia.com/products/vogue-4280t",18,9,7,0.25
"do-9413816811766","Vogue","VOGUE  4280","Eyeglasses","eyeglasses","Oval","women",4919,5590,12,"ON SALE","https://cdn.shopify.com/s/files/1/0608/8563/1222/files/VOGUE_4280_280_.....webp?v=1781251231",2,7,"https://dayalopticalsindia.com/products/vogue-4280",18,9,7,0.25
"do-9425248321782","Vogue","VOGUE  5375","Eyeglasses","eyeglasses","Cat Eye","women",4743,5390,12,"ON SALE","https://cdn.shopify.com/s/files/1/0608/8563/1222/files/VOGUE_5375_2386_.....webp?v=1781768565",1,1,"https://dayalopticalsindia.com/products/vogue-5375",18,9,7,0.25
"do-9413880414454","Vogue","VOGUE  4274","Eyeglasses","eyeglasses","Square","women",4567,5190,12,"ON SALE","https://cdn.shopify.com/s/files/1/0608/8563/1222/files/VOGUE_4274_280_.....webp?v=1781259771",3,5,"https://dayalopticalsindia.com/products/vogue-4274",18,9,7,0.25
"do-9413898862838","Vogue","VOGUE  4273","Eyeglasses","eyeglasses","Cat Eye","women",4567,5190,12,"ON SALE","https://cdn.shopify.com/s/files/1/0608/8563/1222/files/VOGUE_4273_280_....webp?v=1781261635",1,1,"https://dayalopticalsindia.com/products/vogue-4273",18,9,7,0.25
"do-9419247517942","Vogue","VOGUE  4244","Eyeglasses","eyeglasses","Rectangle","women",4743,5390,12,"ON SALE","https://cdn.shopify.com/s/files/1/0608/8563/1222/files/VOGUE_4244_323_.....webp?v=1781592162",2,2,"https://dayalopticalsindia.com/products/vogue-4244",18,9,7,0.25
"do-9419284283638","Vogue","VOGUE  4239","Eyeglasses","eyeglasses","Oval","men",5535,6290,12,"ON SALE","https://cdn.shopify.com/s/files/1/0608/8563/1222/files/VOGUE_4239_280_.....webp?v=1781593350",3,3,"https://dayalopticalsindia.com/products/vogue-4239",18,9,7,0.25
"do-9419349786870","Vogue","VOGUE  4226","Eyeglasses","eyeglasses","Geometric","women",4743,5390,12,"ON SALE","https://cdn.shopify.com/s/files/1/0608/8563/1222/files/VOGUE_4226_323_....webp?v=1781596503",2,2,"https://dayalopticalsindia.com/products/vogue-4226",18,9,7,0.25
"do-9419323801846","Vogue","VOGUE  4225","Eyeglasses","eyeglasses","Cat Eye","women",4743,5390,12,"ON SALE","https://cdn.shopify.com/s/files/1/0608/8563/1222/files/VOGUE_4225_323_.....webp?v=1781594948",2,2,"https://dayalopticalsindia.com/products/vogue-4225",18,9,7,0.25
"do-9419364368630","Vogue","VOGUE  4221","Eyeglasses","eyeglasses","Geometric","men",4612,5241,12,"ON SALE","https://cdn.shopify.com/s/files/1/0608/8563/1222/files/VOGUE_4221_548_....webp?v=1781597282",1,1,"https://dayalopticalsindia.com/products/vogue-4221",18,9,7,0.25
"do-9419397267702","Vogue","VOGUE  4219","Eyeglasses","eyeglasses","Rectangle","men",5183,5890,12,"ON SALE","https://cdn.shopify.com/s/files/1/0608/8563/1222/files/VOGUE_4219_280_....webp?v=1781605547",2,6,"https://dayalopticalsindia.com/products/vogue-4219",18,9,7,0.25
"do-9419515625718","Vogue","VOGUE  4218","Eyeglasses","eyeglasses","Oval","men",5183,5890,12,"ON SALE","https://cdn.shopify.com/s/files/1/0608/8563/1222/files/VOGUE_4218_280....webp?v=1781603160",2,3,"https://dayalopticalsindia.com/products/vogue-4218",18,9,7,0.25
"do-9419546919158","Vogue","VOGUE  4213","Eyeglasses","eyeglasses","Rectangle","women",5447,6190,12,"ON SALE","https://cdn.shopify.com/s/files/1/0608/8563/1222/files/VOGUE_4213_280_....webp?v=1781604985",2,2,"https://dayalopticalsindia.com/products/vogue-4213",18,9,7,0.25
"do-9419604689142","Vogue","VOGUE  4196","Eyeglasses","eyeglasses","Geometric","women",4743,5390,12,"ON SALE","https://cdn.shopify.com/s/files/1/0608/8563/1222/files/VOGUE_4196_280_...webp?v=1781607417",1,2,"https://dayalopticalsindia.com/products/vogue-4196",18,9,7,0.25
"do-9419665146102","Vogue","VOGUE  4192","Eyeglasses","eyeglasses","Geometric","men",4743,5390,12,"ON SALE","https://cdn.shopify.com/s/files/1/0608/8563/1222/files/VOGUE_4192_280_.....webp?v=1781609920",2,6,"https://dayalopticalsindia.com/products/vogue-4192",18,9,7,0.25
"do-9413979046134","Vogue","VOGUE  4178","Eyeglasses","eyeglasses","Square","women",5887,6690,12,"ON SALE","https://cdn.shopify.com/s/files/1/0608/8563/1222/files/VOGUE_4178_280_...webp?v=1781266213",2,12,"https://dayalopticalsindia.com/products/vogue-4178",18,9,7,0.25
"do-9413921538294","Vogue","VOGUE  4177","Eyeglasses","eyeglasses","Oval","women",5359,6090,12,"ON SALE","https://cdn.shopify.com/s/files/1/0608/8563/1222/files/VOGUE_4177_280_.....webp?v=1781264399",2,3,"https://dayalopticalsindia.com/products/vogue-4177",18,9,7,0.25
"do-9414419120374","Vogue","VOGUE  2998","Eyeglasses","eyeglasses","Cat Eye","women",4919,5590,12,"ON SALE","https://cdn.shopify.com/s/files/1/0608/8563/1222/files/VOGUE_2998_2348_.....webp?v=1781328087",4,4,"https://dayalopticalsindia.com/products/vogue-2998",18,9,7,0.25
"do-9413114298614","Vogue","VOGUE  4306","Eyeglasses","eyeglasses","Oval","women",5271,5616,6,"ON SALE","https://cdn.shopify.com/s/files/1/0608/8563/1222/files/VOGUE_4306_280_......webp?v=1781177374",3,7,"https://dayalopticalsindia.com/products/vogue-4306",18,9,7,0.25
"do-9413101682934","Vogue","VOGUE  4307","Eyeglasses","eyeglasses","Butterfly","women",5359,6090,12,"ON SALE","https://cdn.shopify.com/s/files/1/0608/8563/1222/files/VOGUE_4307_280_.....webp?v=1781176227",2,2,"https://dayalopticalsindia.com/products/vogue-4307",18,9,7,0.25
"do-9413086544118","Vogue","VOGUE  4311B","Eyeglasses","eyeglasses","Oval","women",6943,7890,12,"ON SALE","https://cdn.shopify.com/s/files/1/0608/8563/1222/files/VOGUE_4311B_5152_....webp?v=1781174046",1,2,"https://dayalopticalsindia.com/products/vogue-4311b",18,9,7,0.25
"do-9413068194038","Vogue","VOGUE  4319B","Eyeglasses","eyeglasses","Square","women",6415,7290,12,"ON SALE","https://cdn.shopify.com/s/files/1/0608/8563/1222/files/VOGUE_4319B_280_....webp?v=1781171928",2,6,"https://dayalopticalsindia.com/products/vogue-4319b",18,9,7,0.25
"do-9413050433782","Vogue","VOGUE  4320B","Eyeglasses","eyeglasses","Square","women",6943,7890,12,"ON SALE","https://cdn.shopify.com/s/files/1/0608/8563/1222/files/VOGUE_4320B_280_.....webp?v=1781171358",3,3,"https://dayalopticalsindia.com/products/vogue-4320b",18,9,7,0.25
"do-9413001674998","Vogue","VOGUE  4325","Eyeglasses","eyeglasses","Cat Eye","women",4919,5590,12,"ON SALE","https://cdn.shopify.com/s/files/1/0608/8563/1222/files/VOGUE_4325_5138_....webp?v=1781165432",3,3,"https://dayalopticalsindia.com/products/vogue-4325",18,9,7,0.25
"do-9412957864182","Vogue","VOGUE  4326","Eyeglasses","eyeglasses","Oval","women",4919,5590,12,"ON SALE","https://cdn.shopify.com/s/files/1/0608/8563/1222/files/VOGUE_4326_280_....webp?v=1781160799",3,7,"https://dayalopticalsindia.com/products/vogue-4326",18,9,7,0.25
"do-9412950098166","Vogue","VOGUE  4328D","Eyeglasses","eyeglasses","Square","women",4567,5190,12,"ON SALE","https://cdn.shopify.com/s/files/1/0608/8563/1222/files/VOGUE_4328D_280_..._721abf02-a2fa-4783-a300-20631af96621.webp?v=1781159784",2,4,"https://dayalopticalsindia.com/products/vogue-4328d",18,9,7,0.25
"do-9412932567286","Vogue","VOGUE  4331","Eyeglasses","eyeglasses","Cat Eye","women",4919,5590,12,"ON SALE","https://cdn.shopify.com/s/files/1/0608/8563/1222/files/VOGUE_4331_280_....webp?v=1781157638",1,2,"https://dayalopticalsindia.com/products/vogue-4331",18,9,7,0.25
"do-9412904976630","Vogue","VOGUE  4334","Eyeglasses","eyeglasses","Geometric","women",4919,5590,12,"ON SALE","https://cdn.shopify.com/s/files/1/0608/8563/1222/files/VOGUE_4334_5138_..._8731f8e5-939e-406b-9cdf-3303394f263e.webp?v=1781155857",3,8,"https://dayalopticalsindia.com/products/vogue-4334",18,9,7,0.25
"do-9412893278454","Vogue","VOGUE  4340","Eyeglasses","eyeglasses","Square","women",4919,5590,12,"ON SALE","https://cdn.shopify.com/s/files/1/0608/8563/1222/files/VOGUE_4340_280_.....webp?v=1781154907",2,4,"https://dayalopticalsindia.com/products/vogue-4340",18,9,7,0.25
"do-9411456631030","Vogue","VOGUE  4341","Eyeglasses","eyeglasses","Geometric","women",4919,5590,12,"ON SALE","https://cdn.shopify.com/s/files/1/0608/8563/1222/files/VOGUE_4341_280._...jpg?v=1781096360",3,7,"https://dayalopticalsindia.com/products/vogue-4341",18,9,7,0.25
"do-9411453714678","Vogue","VOGUE  4343","Eyeglasses","eyeglasses","Oval","women",6415,7290,12,"ON SALE","https://cdn.shopify.com/s/files/1/0608/8563/1222/files/VOGUE_4343_280_.....webp?v=1781094934",2,4,"https://dayalopticalsindia.com/products/vogue-4343",18,9,7,0.25
"do-9411437854966","Vogue","VOGUE  4350","Eyeglasses","eyeglasses","Geometric","women",5887,6690,12,"ON SALE","https://cdn.shopify.com/s/files/1/0608/8563/1222/files/VOGUE_4350_5138_...webp?v=1781093042",2,3,"https://dayalopticalsindia.com/products/vogue-4350",18,9,7,0.25
"do-9411424190710","Vogue","VOGUE  4357D","Eyeglasses","eyeglasses","Oval","women",4567,5190,12,"ON SALE","https://cdn.shopify.com/s/files/1/0608/8563/1222/files/VOGUE_4357D_323_....webp?v=1781091713",2,4,"https://dayalopticalsindia.com/products/vogue-4357d",18,9,7,0.25
"do-9414434554102","Vogue","VOGUE  5516B","Eyeglasses","eyeglasses","Cat Eye","women",6327,7190,12,"ON SALE","https://cdn.shopify.com/s/files/1/0608/8563/1222/files/VOGUE_5516B_2942_....webp?v=1781336931",1,1,"https://dayalopticalsindia.com/products/vogue-5516b",18,9,7,0.25
"do-9414435176694","Vogue","VOGUE  5517B","Eyeglasses","eyeglasses","Cat Eye","women",6327,7190,12,"ON SALE","https://cdn.shopify.com/s/files/1/0608/8563/1222/files/VOGUE_5517B_2966_....webp?v=1781337379",2,2,"https://dayalopticalsindia.com/products/vogue-5517b",18,9,7,0.25
"do-9414431768822","Vogue","VOGUE  5519","Eyeglasses","eyeglasses","Cat Eye","women",4831,5490,12,"ON SALE","https://cdn.shopify.com/s/files/1/0608/8563/1222/files/VOGUE_5519_2386_....webp?v=1781335449",3,4,"https://dayalopticalsindia.com/products/vogue-5519",18,9,7,0.25
"do-9414430032118","Vogue","VOGUE  5527","Eyeglasses","eyeglasses","Oval","women",5271,5990,12,"ON SALE","https://cdn.shopify.com/s/files/1/0608/8563/1222/files/VOGUE_5527_3096_....webp?v=1781334476",3,3,"https://dayalopticalsindia.com/products/vogue-5527",18,9,7,0.25
"do-9414427869430","Vogue","VOGUE  5556","Eyeglasses","eyeglasses","Rectangle","women",4919,5590,12,"ON SALE","https://cdn.shopify.com/s/files/1/0608/8563/1222/files/VOGUE_5556_W44._...webp?v=1781333230",1,1,"https://dayalopticalsindia.com/products/vogue-5556",18,9,7,0.25
"do-9414425575670","Vogue","VOGUE  5563","Eyeglasses","eyeglasses","Square","women",5359,6090,12,"ON SALE","https://cdn.shopify.com/s/files/1/0608/8563/1222/files/VOGUE_5563_2875_..webp?v=1781332315",4,5,"https://dayalopticalsindia.com/products/vogue-5563",18,9,7,0.25
"do-9414423904502","Vogue","VOGUE  5569","Eyeglasses","eyeglasses","Square","women",5359,6090,12,"ON SALE","https://cdn.shopify.com/s/files/1/0608/8563/1222/files/VOGUE_5569_W44_..._1500x1000_7a0f097f-0dce-444a-b6d9-57a3d3104c2f.webp?v=1781331467",2,2,"https://dayalopticalsindia.com/products/vogue-5569",18,9,7,0.25
"do-9414422593782","Vogue","VOGUE  5570","Eyeglasses","eyeglasses","Square","men",5887,6690,12,"ON SALE","https://cdn.shopify.com/s/files/1/0608/8563/1222/files/VOGUE_5570_W44_.....webp?v=1781330597",3,4,"https://dayalopticalsindia.com/products/vogue-5570",18,9,7,0.25
"do-9414421250294","Vogue","VOGUE  5572","Eyeglasses","eyeglasses","Square","men",5887,6690,12,"ON SALE","https://cdn.shopify.com/s/files/1/0608/8563/1222/files/VOGUE_5572_3143_....webp?v=1781329594",3,3,"https://dayalopticalsindia.com/products/vogue-5572",18,9,7,0.25
"do-9411400073462","Vogue","VOGUE  5574B","Eyeglasses","eyeglasses","Square","women",6943,7890,12,"ON SALE","https://cdn.shopify.com/s/files/1/0608/8563/1222/files/VOGUE_5574B_2940_....webp?v=1781089311",3,4,"https://dayalopticalsindia.com/products/vogue-5574b",18,9,7,0.25
"do-9411380773110","Vogue","VOGUE  5602","Eyeglasses","eyeglasses","Cat Eye","women",4567,5190,12,"ON SALE","https://cdn.shopify.com/s/files/1/0608/8563/1222/files/VOGUE_5602_2252_....webp?v=1781087712",5,7,"https://dayalopticalsindia.com/products/vogue-5602",18,9,7,0.25
"do-9411376611574","Vogue","VOGUE  5603","Eyeglasses","eyeglasses","Square","women",4567,5190,12,"ON SALE","https://cdn.shopify.com/s/files/1/0608/8563/1222/files/VOGUE_5603_2718_......webp?v=1781087292",1,1,"https://dayalopticalsindia.com/products/vogue-5603",18,9,7,0.25
"do-9411368648950","Vogue","VOGUE  5608","Eyeglasses","eyeglasses","Cat Eye","women",5359,6090,12,"ON SALE","https://cdn.shopify.com/s/files/1/0608/8563/1222/files/VOGUE_5608_3176_.....webp?v=1781086460",1,1,"https://dayalopticalsindia.com/products/vogue-5608",18,9,7,0.25
"do-9411358130422","Vogue","VOGUE  5609","Eyeglasses","eyeglasses","Square","women",5359,6090,12,"ON SALE","https://cdn.shopify.com/s/files/1/0608/8563/1222/files/VOGUE_5609_3084.......webp?v=1781085643",2,3,"https://dayalopticalsindia.com/products/vogue-5609",18,9,7,0.25
"do-9411309535478","Vogue","VOGUE  5615","Eyeglasses","eyeglasses","Cat Eye","women",4919,5590,12,"ON SALE","https://cdn.shopify.com/s/files/1/0608/8563/1222/files/VOGUE_5615_2718_...webp?v=1781080142",4,5,"https://dayalopticalsindia.com/products/vogue-5615",18,9,7,0.25
"do-9411299148022","Vogue","VOGUE  5621","Eyeglasses","eyeglasses","Square","women",4567,5190,12,"ON SALE","https://cdn.shopify.com/s/files/1/0608/8563/1222/files/VOGUE_5621_3272_.....webp?v=1781079085",2,2,"https://dayalopticalsindia.com/products/vogue-5621",18,9,7,0.25
"do-9411293053174","Vogue","VOGUE  5622","Eyeglasses","eyeglasses","Geometric","women",4567,5190,12,"ON SALE","https://cdn.shopify.com/s/files/1/0608/8563/1222/files/VOGUE_5622_3192..webp?v=1781078186",2,2,"https://dayalopticalsindia.com/products/vogue-5622",18,9,7,0.25
"do-9410283241718","Vogue","VOGUE  5624","Eyeglasses","eyeglasses","Cat Eye","women",5887,6690,12,"ON SALE","https://cdn.shopify.com/s/files/1/0608/8563/1222/files/VOGUE_5624_W656_....webp?v=1781006016",1,1,"https://dayalopticalsindia.com/products/vogue-5624",18,9,7,0.25
"do-9409532395766","Vogue","VOGUE   5632B","Eyeglasses","eyeglasses","Square","women",6943,7890,12,"ON SALE","https://cdn.shopify.com/s/files/1/0608/8563/1222/files/VOGUE_5632B_2989_.....webp?v=1780914913",5,6,"https://dayalopticalsindia.com/products/vogue-5632b",18,9,7,0.25
"do-9409544716534","Vogue","VOGUE  5628","Eyeglasses","eyeglasses","Cat Eye","women",5359,6090,12,"ON SALE","https://cdn.shopify.com/s/files/1/0608/8563/1222/files/VOGUE_5628_3197_....webp?v=1780918918",3,7,"https://dayalopticalsindia.com/products/vogue-5628",18,9,7,0.25
"do-9409531117814","Vogue","VOGUE      5635U","Eyeglasses","eyeglasses","Square","women",4919,5590,12,"ON SALE","https://cdn.shopify.com/s/files/1/0608/8563/1222/files/VOGUE_5635U_3225_....webp?v=1780914103",2,3,"https://dayalopticalsindia.com/products/vogue-5635u",18,9,7,0.25
"do-9409525940470","Vogue","VOGUE      5645I","Eyeglasses","eyeglasses","Rectangle","men",3290,3290,0,"LUXURY ATELIER","https://cdn.shopify.com/s/files/1/0608/8563/1222/files/VOGUE_5645I_2760_....webp?v=1780912803",2,2,"https://dayalopticalsindia.com/products/vogue-5645i",18,9,7,0.25
"do-9409508245750","Vogue","VOGUE      5646I","Eyeglasses","eyeglasses","Cat Eye","women",3290,3290,0,"LUXURY ATELIER","https://cdn.shopify.com/s/files/1/0608/8563/1222/files/VOGUE_5646I_2672_....webp?v=1780906019",2,2,"https://dayalopticalsindia.com/products/vogue-5646i",18,9,7,0.25
"do-9409471545590","Vogue","VOGUE      5654","Eyeglasses","eyeglasses","Square","women",5887,6690,12,"ON SALE","https://cdn.shopify.com/s/files/1/0608/8563/1222/files/VOGUE_5654_3022_....webp?v=1780902504",3,5,"https://dayalopticalsindia.com/products/vogue-5654",18,9,7,0.25
"do-9409446478070","Vogue","VOGUE      5660U","Eyeglasses","eyeglasses","Square","women",4919,5590,12,"ON SALE","https://cdn.shopify.com/s/files/1/0608/8563/1222/files/VOGUE_5660U_3244_...webp?v=1780900243",4,4,"https://dayalopticalsindia.com/products/vogue-5660u",18,9,7,0.25
"do-9408475398390","Vogue","VOGUE      5667","Eyeglasses","eyeglasses","Rectangle","women",4567,5190,12,"ON SALE","https://cdn.shopify.com/s/files/1/0608/8563/1222/files/VOGUE_5667_2386_.....webp?v=1780896929",4,5,"https://dayalopticalsindia.com/products/vogue-5667",18,9,7,0.25
"do-9408414122230","Vogue","VOGUE      5668","Eyeglasses","eyeglasses","Cat Eye","women",4567,5190,12,"ON SALE","https://cdn.shopify.com/s/files/1/0608/8563/1222/files/VOGUE_5668_2288_.....webp?v=1780662219",3,5,"https://dayalopticalsindia.com/products/vogue-5668",18,9,7,0.25
"do-9408402915574","Vogue","VOGUE      5671","Eyeglasses","eyeglasses","Rectangle","women",4919,5590,12,"ON SALE","https://cdn.shopify.com/s/files/1/0608/8563/1222/files/VOGUE_5671_2718_.....webp?v=1780658586",3,3,"https://dayalopticalsindia.com/products/vogue-5671",18,9,7,0.25
"do-9408395804918","Vogue","VOGUE      5673","Eyeglasses","eyeglasses","Oval","women",5359,6090,12,"ON SALE","https://cdn.shopify.com/s/files/1/0608/8563/1222/files/VOGUE_5673_3259_...webp?v=1780657250",3,3,"https://dayalopticalsindia.com/products/vogue-5673",18,9,7,0.25
"do-9408387940598","Vogue","VOGUE      5676","Eyeglasses","eyeglasses","Cat Eye","women",5359,6090,12,"ON SALE","https://cdn.shopify.com/s/files/1/0608/8563/1222/files/VOGUE_5676_2940_.....webp?v=1780655648",2,3,"https://dayalopticalsindia.com/products/vogue-5676",18,9,7,0.25
"do-9408380436726","Vogue","VOGUE      5679B","Eyeglasses","eyeglasses","Square","women",6415,7290,12,"ON SALE","https://cdn.shopify.com/s/files/1/0608/8563/1222/files/VOGUE_5679B_2386_.....webp?v=1780653866",5,5,"https://dayalopticalsindia.com/products/vogue-5679b",18,9,7,0.25
"do-9408357269750","Vogue","VOGUE      5680B","Eyeglasses","eyeglasses","Square","women",6415,7290,12,"ON SALE","https://cdn.shopify.com/s/files/1/0608/8563/1222/files/VOGUE_5680B_2864_....webp?v=1780646528",4,7,"https://dayalopticalsindia.com/products/vogue-5680b",18,9,7,0.25
"do-9407701156086","Vogue","VOGUE      5689","Eyeglasses","eyeglasses","Square","women",5359,6090,12,"ON SALE","https://cdn.shopify.com/s/files/1/0608/8563/1222/files/VOGUE_5689_W44_.....webp?v=1780575984",2,2,"https://dayalopticalsindia.com/products/vogue-5689",18,9,7,0.25
"do-9407636930806","Vogue","VOGUE      5691","Eyeglasses","eyeglasses","Square","women",5359,6090,12,"ON SALE","https://cdn.shopify.com/s/files/1/0608/8563/1222/files/VOGUE_5691_2940_.....webp?v=1780573107",4,9,"https://dayalopticalsindia.com/products/vogue-5691",18,9,7,0.25
"do-9407630967030","Vogue","VOGUE      5698","Eyeglasses","eyeglasses","Cat Eye","women",5887,6690,12,"ON SALE","https://cdn.shopify.com/s/files/1/0608/8563/1222/files/VOGUE_5698_2944_....webp?v=1780571316",5,10,"https://dayalopticalsindia.com/products/vogue-5698",18,9,7,0.25
"do-9407580831990","Vogue","VOGUE      5699U","Eyeglasses","eyeglasses","Rectangle","women",4919,5590,12,"ON SALE","https://cdn.shopify.com/s/files/1/0608/8563/1222/files/VOGUE_5699U_3292_..webp?v=1780569025",3,3,"https://dayalopticalsindia.com/products/vogue-5699u",18,9,7,0.25
"do-9407428329718","Vogue","VOGUE      5701U","Eyeglasses","eyeglasses","Cat Eye","women",4919,5590,12,"ON SALE","https://cdn.shopify.com/s/files/1/0608/8563/1222/files/VOGUE_5701U_3289_....webp?v=1780567804",3,4,"https://dayalopticalsindia.com/products/vogue-5701u",18,9,7,0.25
"do-9407413747958","Vogue","VOGUE      5702","Eyeglasses","eyeglasses","Square","women",4567,5190,12,"ON SALE","https://cdn.shopify.com/s/files/1/0608/8563/1222/files/VOGUE_5702_2252_....800x800w_1.webp?v=1780566055",4,4,"https://dayalopticalsindia.com/products/vogue-5702",18,9,7,0.25
"do-9407358042358","Vogue","VOGUE      5703U","Eyeglasses","eyeglasses","Oval","women",4567,5190,12,"ON SALE","https://cdn.shopify.com/s/files/1/0608/8563/1222/files/VOGUE_5703U_2252_.....webp?v=1780561130",3,4,"https://dayalopticalsindia.com/products/vogue-5703u",18,9,7,0.25
"do-9407354437878","Vogue","VOGUE      5704B","Eyeglasses","eyeglasses","Cat Eye","women",6943,7890,12,"ON SALE","https://cdn.shopify.com/s/files/1/0608/8563/1222/files/VOGUE_5704B_2940_......webp?v=1780559461",4,5,"https://dayalopticalsindia.com/products/vogue-5704b",18,9,7,0.25
"do-9407336284406","Vogue","VOGUE      5714I","Eyeglasses","eyeglasses","Cat Eye","women",4127,4690,12,"ON SALE","https://cdn.shopify.com/s/files/1/0608/8563/1222/files/VOGUE_5714I_1887_....webp?v=1780555745",1,1,"https://dayalopticalsindia.com/products/vogue-5714i",18,9,7,0.25
"do-9406921212150","Vogue","VOGUE    4135S","Sunglasses","sunglasses","Square","women",4919,5590,12,"ON SALE","https://cdn.shopify.com/s/files/1/0608/8563/1222/files/VOGUE_4135S_548-6V_....800x800w.webp?v=1780488959",1,1,"https://dayalopticalsindia.com/products/vogue-4135s",18,9,7,0.25
"do-9406918459638","Vogue","VOGUE    4130S","Sunglasses","sunglasses","Cat Eye","women",5447,6190,12,"ON SALE","https://cdn.shopify.com/s/files/1/0608/8563/1222/files/VOGUE_4130S_280-87_.....webp?v=1780488101",2,2,"https://dayalopticalsindia.com/products/vogue-4130s",18,9,7,0.25
"do-9406915281142","Vogue","VOGUE    4161S","Sunglasses","sunglasses","Aviator","men",4655,5290,12,"ON SALE","https://cdn.shopify.com/s/files/1/0608/8563/1222/files/VOGUE_4161S_280-13_....800x800w.webp?v=1780487333",1,1,"https://dayalopticalsindia.com/products/vogue-4161s",18,9,7,0.25
"do-9406913282294","Vogue","VOGUE    4166S","Sunglasses","sunglasses","Rectangle","women",6415,7290,12,"ON SALE","https://cdn.shopify.com/s/files/1/0608/8563/1222/files/VOGUE_4166S_323_87_......webp?v=1780486616",2,2,"https://dayalopticalsindia.com/products/vogue-4166s",18,9,7,0.25
"do-9406909055222","Vogue","VOGUE    4175SB","Sunglasses","sunglasses","Square","women",6591,7490,12,"ON SALE","https://cdn.shopify.com/s/files/1/0608/8563/1222/files/VOGUE_4175SB_515019_.....webp?v=1780485901",1,1,"https://dayalopticalsindia.com/products/vogue-4175sb",18,9,7,0.25
"do-9406901616886","Vogue","VOGUE    4189S","Sunglasses","sunglasses","Butterfly","women",5975,6790,12,"ON SALE","https://cdn.shopify.com/s/files/1/0608/8563/1222/files/VOGUE_4189S_323-11_......webp?v=1780485318",1,1,"https://dayalopticalsindia.com/products/vogue-4189s",18,9,7,0.25
"do-9406895751414","Vogue","VOGUE    4198S","Sunglasses","sunglasses","Rectangle","women",5095,5790,12,"ON SALE","https://cdn.shopify.com/s/files/1/0608/8563/1222/files/VOGUE_4198S_352-11_....webp?v=1780483455",1,1,"https://dayalopticalsindia.com/products/vogue-4198s",18,9,7,0.25
"do-9406893981942","Vogue","VOGUE    4220S","Sunglasses","sunglasses","Aviator","men",6503,7390,12,"ON SALE","https://cdn.shopify.com/s/files/1/0608/8563/1222/files/VOGUE_4220S_352-81_.....webp?v=1780482623",1,1,"https://dayalopticalsindia.com/products/vogue-5484s-1",18,9,7,0.25
"do-9406886936822","Vogue","VOGUE    4227S","Sunglasses","sunglasses","Round","women",6415,7290,12,"ON SALE","https://cdn.shopify.com/s/files/1/0608/8563/1222/files/VOGUE_4227S_323-11_....webp?v=1780482028",1,1,"https://dayalopticalsindia.com/products/vogue-4227s",18,9,7,0.25
"do-9404209103094","Vogue","VOGUE    5484S","Sunglasses","sunglasses","Cat Eye","women",5799,6590,12,"ON SALE","https://cdn.shopify.com/s/files/1/0608/8563/1222/files/VOGUE_5484S_276162_......webp?v=1780308658",3,3,"https://dayalopticalsindia.com/products/vogue-5484s",18,9,7,0.25
"do-9404187345142","Vogue","VOGUE    5481S","Sunglasses","sunglasses","Square","women",7295,8290,12,"ON SALE","https://cdn.shopify.com/s/files/1/0608/8563/1222/files/VOGUE_5481S_2386T5_.....webp?v=1780306402",5,5,"https://dayalopticalsindia.com/products/vogue-5481s",18,9,7,0.25
"do-9404185510134","Vogue","VOGUE    5479S","Sunglasses","sunglasses","Butterfly","women",6239,7090,12,"ON SALE","https://cdn.shopify.com/s/files/1/0608/8563/1222/files/VOGUE_5479S_W44-87_....800x800w.webp?v=1780301128",1,1,"https://dayalopticalsindia.com/products/vogue-5479s",18,9,7,0.25
"do-9404176531702","Vogue","VOGUE    5476SB","Sunglasses","sunglasses","Square","women",6767,7690,12,"ON SALE","https://cdn.shopify.com/s/files/1/0608/8563/1222/files/VOGUE_5476SB_29407N_...800x800w.webp?v=1780299101",4,4,"https://dayalopticalsindia.com/products/vogue-5476sb",18,9,7,0.25
"do-9404172206326","Vogue","VOGUE    5475SB","Sunglasses","sunglasses","Butterfly","women",7823,8890,12,"ON SALE","https://cdn.shopify.com/s/files/1/0608/8563/1222/files/VOGUE_5475SB_2940T5_.....webp?v=1780297769",3,3,"https://dayalopticalsindia.com/products/vogue-5475sb",18,9,7,0.25
"do-9404169781494","Vogue","VOGUE    5462S","Sunglasses","sunglasses","Square","women",5711,6490,12,"ON SALE","https://cdn.shopify.com/s/files/1/0608/8563/1222/files/VOGUE_5462S_295473_....800x800w.webp?v=1780296204",3,3,"https://dayalopticalsindia.com/products/vogue-5462s",18,9,7,0.25
"do-9404167717110","Vogue","VOGUE    5457S","Sunglasses","sunglasses","Butterfly","women",5711,6490,12,"ON SALE","https://cdn.shopify.com/s/files/1/0608/8563/1222/files/VOGUE_5457S_298914_....webp?v=1780295116",2,2,"https://dayalopticalsindia.com/products/vogue-5457s",18,9,7,0.25
"do-9404166439158","Vogue","VOGUE    5453S","Sunglasses","sunglasses","Oval","women",4743,5390,12,"ON SALE","https://cdn.shopify.com/s/files/1/0608/8563/1222/files/VOGUE_5453S_292436_...800x800w.webp?v=1780293923",3,3,"https://dayalopticalsindia.com/products/vogue-5453s",18,9,7,0.25
"do-9404159361270","Vogue","VOGUE    5445S","Sunglasses","sunglasses","Cat Eye","women",5183,5890,12,"ON SALE","https://cdn.shopify.com/s/files/1/0608/8563/1222/files/VOGUE_5445S_300371_...800x800w.webp?v=1780291171",1,1,"https://dayalopticalsindia.com/products/vogue-5445s",18,9,7,0.25
"do-9404217491702","Vogue","VOGUE    4289S","Sunglasses","sunglasses","Square","men",7911,8990,12,"ON SALE","https://cdn.shopify.com/s/files/1/0608/8563/1222/files/VOGUE_4289S_280-9A_....webp?v=1780310779",4,5,"https://dayalopticalsindia.com/products/vogue-4289s",18,9,7,0.25
"do-9404240593142","Vogue","VOGUE    4286S","Sunglasses","sunglasses","Cat Eye","women",5711,6490,12,"ON SALE","https://cdn.shopify.com/s/files/1/0608/8563/1222/files/VOGUE_4286S_280-13_....webp?v=1780313089",3,4,"https://dayalopticalsindia.com/products/vogue-4286s",18,9,7,0.25
"do-9404314157302","Vogue","VOGUE    4284S","Sunglasses","sunglasses","Cat Eye","women",6767,7690,12,"ON SALE","https://cdn.shopify.com/s/files/1/0608/8563/1222/files/VOGUE_4284S_518214_......webp?v=1780316263",1,1,"https://dayalopticalsindia.com/products/vogue-4284s",18,9,7,0.25
"do-9404373532918","Vogue","VOGUE    4282S","Sunglasses","sunglasses","Geometric","women",5183,5890,12,"ON SALE","https://cdn.shopify.com/s/files/1/0608/8563/1222/files/VOGUE_4282S_280-87_......webp?v=1780319202",3,4,"https://dayalopticalsindia.com/products/vogue-4282s",18,9,7,0.25
"do-9405918707958","Vogue","VOGUE    4279S","Sunglasses","sunglasses","Cat Eye","women",5183,5890,12,"ON SALE","https://cdn.shopify.com/s/files/1/0608/8563/1222/files/VOGUE_4279S_280-11_......webp?v=1780380759",4,5,"https://dayalopticalsindia.com/products/vogue-4279s",18,9,7,0.25
"do-9406049648886","Vogue","VOGUE    4277SB","Sunglasses","sunglasses","Cat Eye","women",7999,9090,12,"ON SALE","https://cdn.shopify.com/s/files/1/0608/8563/1222/files/VOGUE_4277SB_507883_.......webp?v=1780385557",2,3,"https://dayalopticalsindia.com/products/vogue-4277sb",18,9,7,0.25
"do-9406094311670","Vogue","VOGUE    4276S","Sunglasses","sunglasses","Square","men",6943,7890,12,"ON SALE","https://cdn.shopify.com/s/files/1/0608/8563/1222/files/VOGUE_4276S_280-9A_.....webp?v=1780387077",4,5,"https://dayalopticalsindia.com/products/vogue-4276s",18,9,7,0.25
"do-9406292164854","Vogue","VOGUE    4272S","Sunglasses","sunglasses","Oval","women",4567,5590,18,"ON SALE","https://cdn.shopify.com/s/files/1/0608/8563/1222/files/VOGUE_4272S_323-4L_.....webp?v=1780393354",2,3,"https://dayalopticalsindia.com/products/vogue-4272s",18,9,7,0.25
"do-9406331420918","Vogue","VOGUE    4268S","Sunglasses","sunglasses","Geometric","women",5887,6690,12,"ON SALE","https://cdn.shopify.com/s/files/1/0608/8563/1222/files/VOGUE_4268S_280-8E_....webp?v=1780394513",2,4,"https://dayalopticalsindia.com/products/vogue-4268s",18,9,7,0.25
"do-9406338597110","Vogue","VOGUE    4267S","Sunglasses","sunglasses","Geometric","women",6943,7890,12,"ON SALE","https://cdn.shopify.com/s/files/1/0608/8563/1222/files/VOGUE_4267S_323-8J_...._1.webp?v=1780396876",2,2,"https://dayalopticalsindia.com/products/vogue-4267s",18,9,7,0.25
"do-9406340301046","Vogue","VOGUE    4257S","Sunglasses","sunglasses","Geometric","men",6239,7090,12,"ON SALE","https://cdn.shopify.com/s/files/1/0608/8563/1222/files/VOGUE_4257S_323-71_.....webp?v=1780397585",3,3,"https://dayalopticalsindia.com/products/vogue-4257s",18,9,7,0.25
"do-9406344659190","Vogue","VOGUE    4255S","Sunglasses","sunglasses","Cat Eye","women",4919,5590,12,"ON SALE","https://cdn.shopify.com/s/files/1/0608/8563/1222/files/VOGUE_4255S_280-13_.....webp?v=1780398828",1,2,"https://dayalopticalsindia.com/products/vogue-4255s",18,9,7,0.25
"do-9406346068214","Vogue","VOGUE    4248S","Sunglasses","sunglasses","Cat Eye","women",5887,6690,12,"ON SALE","https://cdn.shopify.com/s/files/1/0608/8563/1222/files/VOGUE_4248S_517014_.....webp?v=1780399511",1,2,"https://dayalopticalsindia.com/products/vogue-4248s",18,9,7,0.25
"do-9406349476086","Vogue","VOGUE    4232S","Sunglasses","sunglasses","Oval","women",4919,5590,12,"ON SALE","https://cdn.shopify.com/s/files/1/0608/8563/1222/files/VOGUE_4232S_514914_....webp?v=1780400741",2,3,"https://dayalopticalsindia.com/products/vogue-4232s",18,9,7,0.25
"do-9406363599094","Vogue","VOGUE    4117S","Sunglasses","sunglasses","Round","women",5447,6190,12,"ON SALE","https://cdn.shopify.com/s/files/1/0608/8563/1222/files/VOGUE_4117S_280-87_.....webp?v=1780404698",2,2,"https://dayalopticalsindia.com/products/vogue-4117s",18,9,7,0.25
"do-9406358946038","Vogue","VOGUE    2871S","Sunglasses","sunglasses","Butterfly","women",5711,6490,12,"ON SALE","https://cdn.shopify.com/s/files/1/0608/8563/1222/files/VOGUE_2871S_286414_.....webp?v=1780403426",2,3,"https://dayalopticalsindia.com/products/vogue-2871s",18,9,7,0.25
"do-9403795079414","Vogue","VOGUE    5440S","Sunglasses","sunglasses","Square","women",5183,5890,12,"ON SALE","https://cdn.shopify.com/s/files/1/0608/8563/1222/files/VOGUE_5440S_300071_.....webp?v=1780125136",1,1,"https://dayalopticalsindia.com/products/vogue-5440s",18,9,7,0.25
"do-9403792097526","Vogue","VOGUE    5432S","Sunglasses","sunglasses","Oval","men",5359,6090,12,"ON SALE","https://cdn.shopify.com/s/files/1/0608/8563/1222/files/VOGUE_5432S_298311_.......webp?v=1780124028",1,1,"https://dayalopticalsindia.com/products/vogue-5432s",18,9,7,0.25
"do-9403789345014","Vogue","VOGUE    5414S","Sunglasses","sunglasses","Square","women",4831,5490,12,"ON SALE","https://cdn.shopify.com/s/files/1/0608/8563/1222/files/VOGUE_5414S_W44-87_.....webp?v=1780123493",1,1,"https://dayalopticalsindia.com/products/vogue-5414s",18,9,7,0.25
"do-9403779383542","Vogue","VOGUE    5409S","Sunglasses","sunglasses","Square","women",5359,6090,12,"ON SALE","https://cdn.shopify.com/s/files/1/0608/8563/1222/files/VOGUE_5409S_279214_.......webp?v=1780120297",1,1,"https://dayalopticalsindia.com/products/vogue-5409s",18,9,7,0.25
"do-9403778793718","Vogue","VOGUE    5408S","Sunglasses","sunglasses","Square","men",4655,5290,12,"ON SALE","https://cdn.shopify.com/s/files/1/0608/8563/1222/files/VOGUE_5408S_281980_....webp?v=1780119763",1,1,"https://dayalopticalsindia.com/products/vogue-5408s",18,9,7,0.25
"do-9403777843446","Vogue","VOGUE    5361S","Sunglasses","sunglasses","Rectangle","women",4919,5590,12,"ON SALE","https://cdn.shopify.com/s/files/1/0608/8563/1222/files/VOGUE_5361S_292436.....webp?v=1780118906",1,1,"https://dayalopticalsindia.com/products/vogue-5271s-1",18,9,7,0.25
"do-9402326319350","Vogue","VOGUE    5271S","Sunglasses","sunglasses","Square","women",4479,5090,12,"ON SALE","https://cdn.shopify.com/s/files/1/0608/8563/1222/files/VOGUE_5271S_272920.webp?v=1780118017",1,1,"https://dayalopticalsindia.com/products/vogue-5271s",18,9,7,0.25
"do-9402322845942","Vogue","VOGUE    5255S","Sunglasses","sunglasses","Rectangle","men",4479,5090,12,"ON SALE","https://cdn.shopify.com/s/files/1/0608/8563/1222/files/VOGUE_5255S_269680_.....webp?v=1779886754",1,1,"https://dayalopticalsindia.com/products/vogue-5255s",18,9,7,0.25
"do-9402259734774","Vogue","VOGUE    4342S","Sunglasses","sunglasses","Oval","women",7295,8290,12,"ON SALE","https://cdn.shopify.com/s/files/1/0608/8563/1222/files/VOGUE_4342S_280-2_...webp?v=1779870263",1,1,"https://dayalopticalsindia.com/products/vogue-4342s",18,9,7,0.25
"do-9402241351926","Vogue","VOGUE    4339S","Sunglasses","sunglasses","Cat Eye","women",6679,7590,12,"ON SALE","https://cdn.shopify.com/s/files/1/0608/8563/1222/files/VOGUE_4339S_51389A.webp?v=1779869192",2,2,"https://dayalopticalsindia.com/products/vogue-4339s",18,9,7,0.25
"do-9402235748598","Vogue","VOGUE    4332S","Sunglasses","sunglasses","Cat Eye","women",7295,8290,12,"ON SALE","https://cdn.shopify.com/s/files/1/0608/8563/1222/files/VOGUE_4332S_515269_.....webp?v=1779867909",1,2,"https://dayalopticalsindia.com/products/vogue-4332s",18,9,7,0.25
"do-9403795734774","Vogue","VOGUE    4318SB","Sunglasses","sunglasses","Oval","women",7295,8290,12,"ON SALE","https://cdn.shopify.com/s/files/1/0608/8563/1222/files/VOGUE_4318SB_507418_.....webp?v=1780126423",3,4,"https://dayalopticalsindia.com/products/vogue-4318sb",18,9,7,0.25
"do-9403829223670","Vogue","VOGUE    4316S","Sunglasses","sunglasses","Cat Eye","women",5535,6290,12,"ON SALE","https://cdn.shopify.com/s/files/1/0608/8563/1222/files/VOGUE_4316S_5152-2_....webp?v=1780134626",1,1,"https://dayalopticalsindia.com/products/vogue-4316s",18,9,7,0.25
"do-9403836596470","Vogue","VOGUE    4308S","Sunglasses","sunglasses","Butterfly","women",6151,6990,12,"ON SALE","https://cdn.shopify.com/s/files/1/0608/8563/1222/files/VOGUE_4308S_280-13_.....webp?v=1780135439",1,2,"https://dayalopticalsindia.com/products/vogue-4308s",18,9,7,0.25
"do-9403839938806","Vogue","VOGUE    4290S","Sunglasses","sunglasses","Aviator","men",7295,8290,12,"ON SALE","https://cdn.shopify.com/s/files/1/0608/8563/1222/files/VOGUE_4290S_280-9A_.....webp?v=1780138155",4,5,"https://dayalopticalsindia.com/products/vogue-4290s",18,9,7,0.25
"do-9402225033462","Vogue","VOGUE    4324S","Sunglasses","sunglasses","Cat Eye","women",6679,7590,12,"ON SALE","https://cdn.shopify.com/s/files/1/0608/8563/1222/files/VOGUE_4324S_51389A_.......webp?v=1779865935",3,3,"https://dayalopticalsindia.com/products/vogue-4324s",18,9,7,0.25
"do-9401382568182","Vogue","VOGUE    5531S","Sunglasses","sunglasses","Oval","men",7295,8290,12,"ON SALE","https://cdn.shopify.com/s/files/1/0608/8563/1222/files/VOGUE_5531S_27189A_.....webp?v=1779696648",4,4,"https://dayalopticalsindia.com/products/vogue-5531s",18,9,7,0.25
"do-9401400361206","Vogue","VOGUE    5524S","Sunglasses","sunglasses","Square","women",6151,6990,12,"ON SALE","https://cdn.shopify.com/s/files/1/0608/8563/1222/files/VOGUE_5524S_W65613_.....webp?v=1779702530",1,1,"https://dayalopticalsindia.com/products/vogue-5524s",18,9,7,0.25
"do-9401404489974","Vogue","VOGUE    5521S","Sunglasses","sunglasses","Cat Eye","women",7295,8290,12,"ON SALE","https://cdn.shopify.com/s/files/1/0608/8563/1222/files/VOGUE_5521S_310183_.....webp?v=1779703096",2,2,"https://dayalopticalsindia.com/products/vogue-5521s",18,9,7,0.25
"do-9401411600630","Vogue","VOGUE    5520S","Sunglasses","sunglasses","Butterfly","women",5183,5890,12,"ON SALE","https://cdn.shopify.com/s/files/1/0608/8563/1222/files/VOGUE_5520S_294068_....webp?v=1779705570",2,4,"https://dayalopticalsindia.com/products/vogue-5520s",18,9,7,0.25
"do-9401465209078","Vogue","VOGUE    5515SB","Sunglasses","sunglasses","Butterfly","women",6767,7690,12,"ON SALE","https://cdn.shopify.com/s/files/1/0608/8563/1222/files/VOGUE_5515SB_W44-11_....webp?v=1779709102",2,2,"https://dayalopticalsindia.com/products/vogue-5515sb",18,9,7,0.25
"do-9401725223158","Vogue","VOGUE    5512S","Sunglasses","sunglasses","Square","women",5183,5890,12,"ON SALE","https://cdn.shopify.com/s/files/1/0608/8563/1222/files/VOGUE_5512S_300787_.......webp?v=1779776347",2,2,"https://dayalopticalsindia.com/products/vogue-5512s",18,9,7,0.25
"do-9401731776758","Vogue","VOGUE    5498SI","Sunglasses","sunglasses","Butterfly","women",3775,4290,12,"ON SALE","https://cdn.shopify.com/s/files/1/0608/8563/1222/files/VOGUE_5498SI_225714__800x_c78b87bb-2655-44e2-ba5d-2d47eb66177e.webp?v=1779778613",3,3,"https://dayalopticalsindia.com/products/vogue-5498si",18,9,7,0.25
"do-9401750880502","Vogue","VOGUE    5493S","Sunglasses","sunglasses","Square","men",6767,7690,12,"ON SALE","https://cdn.shopify.com/s/files/1/0608/8563/1222/files/VOGUE_5493S_27189A_....webp?v=1779788047",2,4,"https://dayalopticalsindia.com/products/vogue-5493s",18,9,7,0.25
"do-9401782599926","Vogue","VOGUE    5490S","Sunglasses","sunglasses","Square","men",7295,8290,12,"ON SALE","https://cdn.shopify.com/s/files/1/0608/8563/1222/files/VOGUE_5490S_28194Y_.......webp?v=1779790453",3,3,"https://dayalopticalsindia.com/products/vogue-5490s",18,9,7,0.25
"do-9401839157494","Vogue","VOGUE    5488S","Sunglasses","sunglasses","Square","women",5183,5890,12,"ON SALE","https://cdn.shopify.com/s/files/1/0608/8563/1222/files/VOGUE_5488S_238613_.....webp?v=1779793373",3,4,"https://dayalopticalsindia.com/products/vogue-5488s",18,9,7,0.25
"do-9401904169206","Vogue","VOGUE    4327SD","Sunglasses","sunglasses","Square","women",5183,5890,12,"ON SALE","https://cdn.shopify.com/s/files/1/0608/8563/1222/files/VOGUE_4327SD_280-13_....webp?v=1779800128",2,5,"https://dayalopticalsindia.com/products/vogue-4327sd",18,9,7,0.25
"do-9401874907382","Vogue","VOGUE    4323S","Sunglasses","sunglasses","Oval","women",5535,6290,12,"ON SALE","https://cdn.shopify.com/s/files/1/0608/8563/1222/files/VOGUE_4323S_280_71_..webp?v=1779798913",3,6,"https://dayalopticalsindia.com/products/vogue-4323s",18,9,7,0.25
"do-9401375949046","Vogue","VOGUE    5534SI","Sunglasses","sunglasses","Cat Eye","women",3423,3890,12,"ON SALE","https://cdn.shopify.com/s/files/1/0608/8563/1222/files/VOGUE_5534SI_283068_..._800x_986c8602-7af4-4c0c-93e7-d07a4ab3e196.webp?v=1779694593",3,3,"https://dayalopticalsindia.com/products/vogue-5534si",18,9,7,0.25
"do-9401366348022","Vogue","VOGUE    5553S","Sunglasses","sunglasses","Square","women",8439,9590,12,"ON SALE","https://cdn.shopify.com/s/files/1/0608/8563/1222/files/VOGUE_5553S_W656T5_....webp?v=1779692553",1,1,"https://dayalopticalsindia.com/products/vogue-5553s",18,9,7,0.25
"do-9401362579702","Vogue","VOGUE    5557S","Sunglasses","sunglasses","Square","women",6239,7090,12,"ON SALE","https://cdn.shopify.com/s/files/1/0608/8563/1222/files/VOGUE_5557S_W44-81_....webp?v=1779691599",1,1,"https://dayalopticalsindia.com/products/vogue-5557s",18,9,7,0.25
"do-9401358221558","Vogue","VOGUE    5558S","Sunglasses","sunglasses","Square","women",5183,5890,12,"ON SALE","https://cdn.shopify.com/s/files/1/0608/8563/1222/files/VOGUE_5558S__313473_.....webp?v=1779690448",2,2,"https://dayalopticalsindia.com/products/vogue-5558s",18,9,7,0.25
"do-9401343377654","Vogue","VOGUE    5561S","Sunglasses","sunglasses","Square","women",6767,7690,12,"ON SALE","https://cdn.shopify.com/s/files/1/0608/8563/1222/files/VOGUE_5561S__W44_-11_.....webp?v=1779688753",2,2,"https://dayalopticalsindia.com/products/vogue-5561s",18,9,7,0.25
"do-9400424300790","Vogue","VOGUE    5565S","Sunglasses","sunglasses","Rectangle","women",6151,6990,12,"ON SALE","https://cdn.shopify.com/s/files/1/0608/8563/1222/files/VOGUE_5565S_312487_.....webp?v=1779454941",3,4,"https://dayalopticalsindia.com/products/vogue-5565s",18,9,7,0.25
"do-9400383635702","Vogue","VOGUE    5575SB","Sunglasses","sunglasses","Butterfly","women",7823,8890,12,"ON SALE","https://cdn.shopify.com/s/files/1/0608/8563/1222/files/VOGUE_5575SB_294048_....webp?v=1779451484",2,2,"https://dayalopticalsindia.com/products/vogue-5575sb",18,9,7,0.25
"do-9400346607862","Vogue","VOGUE    5582S","Sunglasses","sunglasses","Oval","women",5183,5890,12,"ON SALE","https://cdn.shopify.com/s/files/1/0608/8563/1222/files/VOGUE_5582S_3165-7_......webp?v=1779449001",3,5,"https://dayalopticalsindia.com/products/vogue-5582s",18,9,7,0.25
"do-9400281104630","Vogue","VOGUE    5583S","Sunglasses","sunglasses","Cat Eye","women",5183,5890,12,"ON SALE","https://cdn.shopify.com/s/files/1/0608/8563/1222/files/VOGUE_5583S_316272_.....webp?v=1779443590",4,4,"https://dayalopticalsindia.com/products/vogue-5583s",18,9,7,0.25
"do-9400229429494","Vogue","VOGUE    5584S","Sunglasses","sunglasses","Rectangle","women",5535,6290,12,"ON SALE","https://cdn.shopify.com/s/files/1/0608/8563/1222/files/VOGUE_5584S_31621A_.0_...webp?v=1779434266",4,5,"https://dayalopticalsindia.com/products/vogue-5584s",18,9,7,0.25
"do-9400220811510","Vogue","VOGUE    5585S","Sunglasses","sunglasses","Cat Eye","women",5535,6290,12,"ON SALE","https://cdn.shopify.com/s/files/1/0608/8563/1222/files/VOGUE_5585S_315973_....webp?v=1779430283",5,5,"https://dayalopticalsindia.com/products/vogue-5585s",18,9,7,0.25
"do-9400214454518","Vogue","VOGUE    5586S","Sunglasses","sunglasses","Cat Eye","women",5183,5890,12,"ON SALE","https://cdn.shopify.com/s/files/1/0608/8563/1222/files/VOGUE_5586S_315976_....webp?v=1779428279",3,4,"https://dayalopticalsindia.com/products/vogue-5586s",18,9,7,0.25
"do-9399884972278","Vogue","VOGUE    5607S","Sunglasses","sunglasses","Cat Eye","women",6151,6990,12,"ON SALE","https://cdn.shopify.com/s/files/1/0608/8563/1222/files/VOGUE_5607S_287590_.....webp?v=1779352106",4,5,"https://dayalopticalsindia.com/products/vogue-5607s",18,9,7,0.25
"do-9399881629942","Vogue","VOGUE    5612SB","Sunglasses","sunglasses","Square","women",7295,8290,12,"ON SALE","https://cdn.shopify.com/s/files/1/0608/8563/1222/files/VOGUE_5612SB_31788G_.....webp?v=1779350312",1,3,"https://dayalopticalsindia.com/products/vogue-5612sb",18,9,7,0.25
"do-9399780737270","Vogue","VOGUE    5616S","Sunglasses","sunglasses","Cat Eye","women",5535,6290,12,"ON SALE","https://cdn.shopify.com/s/files/1/0608/8563/1222/files/VOGUE_5616S_318172_...._12dfece4-5980-44e2-94a9-9791bb8fa550.webp?v=1779349346",2,2,"https://dayalopticalsindia.com/products/vogue-5616s",18,9,7,0.25
"do-9399611818230","Vogue","VOGUE    5625S","Sunglasses","sunglasses","Oval","women",6767,7690,12,"ON SALE","https://cdn.shopify.com/s/files/1/0608/8563/1222/files/VOGUE_5625S_W65673_.....800x800w.webp?v=1779345813",2,2,"https://dayalopticalsindia.com/products/vogue-5625s",18,9,7,0.25
"do-9399604347126","Vogue","VOGUE    5647SI","Sunglasses","sunglasses","Rectangle","unisex",3775,4290,12,"ON SALE","https://cdn.shopify.com/s/files/1/0608/8563/1222/files/VOGUE_5647SI_W44_-11_....800x.webp?v=1779343228",1,1,"https://dayalopticalsindia.com/products/vogue-5647si",18,9,7,0.25
"do-9399600546038","Vogue","VOGUE    5655SU","Sunglasses","sunglasses","Rectangle","women",7823,8890,12,"ON SALE","https://cdn.shopify.com/s/files/1/0608/8563/1222/files/VOGUE_5655SU_W6569A_....._1.webp?v=1779341302",1,1,"https://dayalopticalsindia.com/products/vogue-5655su",18,9,7,0.25
"do-9399227449590","Vogue","VOGUE    5657SU","Sunglasses","sunglasses","Square","women",5535,6290,12,"ON SALE","https://cdn.shopify.com/s/files/1/0608/8563/1222/files/VOGUE_5657SU_324275_....webp?v=1779279037",3,3,"https://dayalopticalsindia.com/products/vogue-5657su",18,9,7,0.25
"do-9398676848886","Vogue","VOGUE    5658SU","Sunglasses","sunglasses","Rectangle","women",5535,6290,12,"ON SALE","https://cdn.shopify.com/s/files/1/0608/8563/1222/files/VOGUE_5658SU_324311_...800x800w.webp?v=1779260887",2,2,"https://dayalopticalsindia.com/products/vogue-5658su",18,9,7,0.25
"do-9398574088438","Vogue","VOGUE    5659SU","Sunglasses","sunglasses","Oval","women",5535,6290,12,"ON SALE","https://cdn.shopify.com/s/files/1/0608/8563/1222/files/VOGUE_5659SU_316773_..webp?v=1779257139",1,1,"https://dayalopticalsindia.com/products/vogue-5659su",18,9,7,0.25
"do-9397735194870","Vogue","VOGUE    5687S","Sunglasses","sunglasses","Rectangle","men",6151,6990,12,"ON SALE","https://cdn.shopify.com/s/files/1/0608/8563/1222/files/VOGUE_5687S_W44-11_....webp?v=1779194604",2,3,"https://dayalopticalsindia.com/products/vogue-5687s",18,9,7,0.25
"do-9397697872118","Vogue","VOGUE   5690S","Sunglasses","sunglasses","Square","women",6151,6990,12,"ON SALE","https://cdn.shopify.com/s/files/1/0608/8563/1222/files/VOGUE_5690S_307411_......webp?v=1779192075",1,1,"https://dayalopticalsindia.com/products/vogue-5690s",18,9,7,0.25
"do-9397685354742","Vogue","VOGUE    5693SU","Sunglasses","sunglasses","Rectangle","women",6679,7590,12,"ON SALE","https://cdn.shopify.com/s/files/1/0608/8563/1222/files/Vogue_5693SU_W44_81_....webp?v=1779513277",1,1,"https://dayalopticalsindia.com/products/vogue-5693su",18,9,7,0.25
"do-9349586190582","Ray-Ban","RAY BAN META 4013 TRANSITION SAPPHIRE HEADLINER","Sunglasses","sunglasses","Headliner","unisex",36560,45700,20,"SMART GLASSES","https://cdn.shopify.com/s/files/1/0608/8563/1222/files/Ray_Ban_Meta_4013_601-MF.............webp?v=1776420438",1,1,"https://dayalopticalsindia.com/products/ray-ban-meta-4013-transition-sapphire-headliner",18,9,7,0.25
"do-9310587420918","Bausch & Lomb","Lacelle Daily","Contact Lenses","contact-lenses","Cosmetic Colored","unisex",1079,1199,10,"ONE DAY REPLACEMENT","https://cdn.shopify.com/s/files/1/0608/8563/1222/files/Bausch_LombLacelleDailyDisposableColoredContactLens2_ca3b1e9f-9486-4e57-bcf5-18ae417c4971.webp?v=1789129098",4,4,"https://dayalopticalsindia.com/products/lacelle-daily",15,10,4,0.08
"do-9301295300854","Vogue","VOGUE    5666S","Sunglasses","sunglasses","Rectangle","women",6327,7190,12,"ON SALE","https://cdn.shopify.com/s/files/1/0608/8563/1222/files/Vogue_5666S_242681.........webp?v=1772879869",2,4,"https://dayalopticalsindia.com/products/vogue-5666s",18,9,7,0.25
"do-7774374199542","Ray-Ban","RAY BAN  0RB  4165","Sunglasses","sunglasses","Rectangle","men",6381,7090,10,"ON SALE","https://cdn.shopify.com/s/files/1/0608/8563/1222/files/8056597140669_2_800x800_89cd7cd8-2b06-4254-b09f-74437aae7081.webp?v=1770017471",1,2,"https://dayalopticalsindia.com/products/ray-ban-291",18,9,7,0.25
"do-9267980763382","Ray-Ban","RAY BAN 0RB 3686","Sunglasses","sunglasses","Square","unisex",13671,15190,10,"ON SALE","https://cdn.shopify.com/s/files/1/0608/8563/1222/files/RAY_BAN___3686_187-32_1.webp?v=1769847052",1,1,"https://dayalopticalsindia.com/products/ray-ban-0rb-3686",18,9,7,0.25
"do-7775902859510","Ray-Ban","RAY BAN  0RB 3706","Sunglasses","sunglasses","Square","unisex",11241,12490,10,"ON SALE","https://cdn.shopify.com/s/files/1/0608/8563/1222/files/Ray_Ban_3706_001-51.........webp?v=1769844897",4,7,"https://dayalopticalsindia.com/products/ray-ban-342",18,9,7,0.25
"do-9214843519222","Ray-Ban","RAY BAN 0RB 2222","Sunglasses","sunglasses","Square","unisex",12681,14090,10,"ON SALE","https://cdn.shopify.com/s/files/1/0608/8563/1222/files/Ray_Ban_2222_902-48........webp?v=1763031207",2,4,"https://dayalopticalsindia.com/products/ray-ban-0rb-2222",18,9,7,0.25
"do-9267964805366","Ray-Ban","RAY BAN 0RB 2216","Sunglasses","sunglasses","Square","unisex",10701,11890,10,"ON SALE","https://cdn.shopify.com/s/files/1/0608/8563/1222/files/RAY-BAN__2216_901-31.1webp.webp?v=1769843301",2,4,"https://dayalopticalsindia.com/products/ray-ban-0rb-2216",18,9,7,0.25
"do-9267363840246","Ray-Ban","RAY BAN 0RB 2215","Sunglasses","sunglasses","Square","unisex",10701,11890,10,"ON SALE","https://cdn.shopify.com/s/files/1/0608/8563/1222/files/RAYBAN_2215_90131_56_1.webp?v=1769772746",4,6,"https://dayalopticalsindia.com/products/ray-ban-0rb-2143",18,9,7,0.25
"do-9267351224566","Ray-Ban","RAY BAN 0RB 2140F","Sunglasses","sunglasses","Square","unisex",11511,12790,10,"ON SALE","https://cdn.shopify.com/s/files/1/0608/8563/1222/files/RAY_BAN___0RB_2140__901_.1.webp?v=1769756609",2,5,"https://dayalopticalsindia.com/products/ray-ban-0rb-2140f",18,9,7,0.25
"do-7787248189686","Ray-Ban","RAY BAN 0RB 2140","Sunglasses","sunglasses","Wayfarer","unisex",7990,7990,0,"LUXURY ATELIER","https://cdn.shopify.com/s/files/1/0608/8563/1222/products/RAY_BAN_2140_II.jpg?v=1660031805",8,30,"https://dayalopticalsindia.com/products/ray-ban-383",18,9,7,0.25
"do-9214855446774","Ray-Ban","RAY BAN 0RB 4465I","Sunglasses","sunglasses","Wayfarer","men",7371,8190,10,"ON SALE","https://cdn.shopify.com/s/files/1/0608/8563/1222/files/Ray_Ban_4465I_601-8G........webp?v=1763036190",4,5,"https://dayalopticalsindia.com/products/ray-ban-0rb-4465i",18,9,7,0.25
"do-9252444143862","Ray-Ban","RAY BAN 0RB 1972","Sunglasses","sunglasses","Oval","unisex",9981,11090,10,"POLARIZED CLASSIC","https://cdn.shopify.com/s/files/1/0608/8563/1222/files/Ray_Ban_1972_004-GC..........webp?v=1767425611",4,5,"https://dayalopticalsindia.com/products/ray-ban-0rb-1972",18,9,7,0.25
"do-9226077602038","Ray-Ban","RAY BAN META 4014 SKYLER SHINY BLACK G15 GREEN","Sunglasses","sunglasses","Skyler","unisex",31920,39900,20,"SMART GLASSES","https://cdn.shopify.com/s/files/1/0608/8563/1222/files/Ray_Ban_4014_601-71.........webp?v=1764314606",1,1,"https://dayalopticalsindia.com/products/ray-ban-meta-4014-shiny-black-g15-green",18,9,7,0.25
"do-9226053058806","Ray-Ban","RAY BAN META 4014 SHINY BLACK TRANSITION AMETHYST","Sunglasses","sunglasses","Skyler","unisex",36560,45700,20,"SMART GLASSES","https://cdn.shopify.com/s/files/1/0608/8563/1222/files/Ray_Ban_Meta_4014_601-CH......._a8c5829b-40db-4159-ad28-5e7089068cb1_1_-Photoroom.png?v=1781097723",1,1,"https://dayalopticalsindia.com/products/ray-ban-meta-4014-shiny-black-transition-amethyst",18,9,7,0.25
"do-9226045980918","Ray-Ban","RAY BAN META 4013 MATTE BLACK POLAR GRADIENT GRAPHITE","Sunglasses","sunglasses","Headliner","unisex",33680,42100,20,"SMART GLASSES","https://cdn.shopify.com/s/files/1/0608/8563/1222/files/Ray_Ban_4013_601ST3..........webp?v=1764244989",1,1,"https://dayalopticalsindia.com/products/ray-ban-meta-4013-matte-black-polar-gradient-graphite",18,9,7,0.25
"do-9225946038518","Ray-Ban","RAY BAN META 4013 MATTE BLACK CLEAR BLUE LIGHT FILTER","Sunglasses","sunglasses","Headliner","unisex",31920,39900,20,"SMART GLASSES","https://cdn.shopify.com/s/files/1/0608/8563/1222/files/Ray_Ban_4013_601SSB..........webp?v=1764240344",1,1,"https://dayalopticalsindia.com/products/ray-ban-meta-4013-matte-black-clear-blue-light",18,9,7,0.25
"do-9225941319926","Ray-Ban","RAY BAN META 4013 SHINY BLACK TRANSITION GRAPHITE GREEN","Sunglasses","sunglasses","Headliner","unisex",36560,45700,20,"SMART GLASSES","https://cdn.shopify.com/s/files/1/0608/8563/1222/files/Ray_Ban_Meta_4013_601-1M..........webp?v=1764237632",1,1,"https://dayalopticalsindia.com/products/ray-ban-meta-4013-shiny-black-transition-graphite-green",18,9,7,0.25
"do-9225917235446","Ray-Ban","RAY BAN META 4012 SHINY COSMIC BLUE TRANSITION SAPPHIRE","Sunglasses","sunglasses","Wayfarer","unisex",36560,45700,20,"SMART GLASSES","https://cdn.shopify.com/s/files/1/0608/8563/1222/files/Ray_Ban_Meta_4012_6628MF...........webp?v=1764230322",1,2,"https://dayalopticalsindia.com/products/ray-ban-meta-4012-shiny-cosmic-blue-transition-sapphire",18,9,7,0.25
"do-9225915171062","Ray-Ban","RAY BAN META 4012 MATTE BLACK POLAR GRADIENT GRAPHITE","Sunglasses","sunglasses","Wayfarer","unisex",33680,42100,20,"SMART GLASSES","https://cdn.shopify.com/s/files/1/0608/8563/1222/files/Ray_Ban_Meta_4012_601ST3..........webp?v=1764229462",1,2,"https://dayalopticalsindia.com/products/ray-ban-meta-4012-matte-black-polar-gradient-graphite",18,9,7,0.25
"do-9225910878454","Ray-Ban","RAY BAN META 4012 MATTE BLACK CLEAR BLUE LIGHT FILTER","Sunglasses","sunglasses","Wayfarer","unisex",31920,39900,20,"SMART GLASSES","https://cdn.shopify.com/s/files/1/0608/8563/1222/files/Ray_Ban_Meta_4012_601SSB.........webp?v=1764228472",1,2,"https://dayalopticalsindia.com/products/ray-ban-meta-4012-matte-black-clear-blue-light",18,9,7,0.25
"do-9225581986038","Ray-Ban","RAY BAN META 4012 MATTE BLACK TRANSITION GREY","Sunglasses","sunglasses","Wayfarer","unisex",36560,45700,20,"SMART GLASSES","https://cdn.shopify.com/s/files/1/0608/8563/1222/files/Ray_Ban_Meta_4012_601S1Z............webp?v=1764153960",1,2,"https://dayalopticalsindia.com/products/ray-ban-meta-4012-matte-black-transition-grey",18,9,7,0.25
"do-9225576710390","Ray-Ban","RAY BAN META 4012 SHINY BLACK G15 GREEN","Sunglasses","sunglasses","Wayfarer","unisex",31920,39900,20,"SMART GLASSES","https://cdn.shopify.com/s/files/1/0608/8563/1222/files/Ray_Ban_Meta_4012_601-71..........webp?v=1764153574",1,2,"https://dayalopticalsindia.com/products/ray-ban-meta-4012-shiny-black-g15-green",18,9,7,0.25
"do-9225457139958","Ray-Ban","RAY BAN META 4012 SHINY BLACK TRANSITION GRAPHITE GREEN","Sunglasses","sunglasses","Wayfarer","unisex",36560,45700,20,"SMART GLASSES","https://cdn.shopify.com/s/files/1/0608/8563/1222/files/Ray_Ban_Meta_4012_601-1M.......webp?v=1764149591",1,2,"https://dayalopticalsindia.com/products/ray-ban-meta-4012-shiny-black-transition-graphite-green",18,9,7,0.25
"do-8324573495542","Ray-Ban","RAY BAN    0RX 6513","Eyeglasses","eyeglasses","Geometric Optical","unisex",9981,11090,10,"ON SALE","https://cdn.shopify.com/s/files/1/0608/8563/1222/files/ray-ban-rx-6513-2890-black-on-gold-8056597941464.webp?v=1704095470",3,14,"https://dayalopticalsindia.com/products/ray-ban-0rx-6513",18,9,7,0.25
"do-9225925886198","Ray-Ban","RAY BAN META 4008 MATTE BLACK POLAR GRADIENT GRAPHITE","Sunglasses","sunglasses","Wayfarer","unisex",24075,32100,25,"SMART GLASSES","https://cdn.shopify.com/s/files/1/0608/8563/1222/files/Ray_Ban_Meta_4008_601ST3............webp?v=1764231823",1,1,"https://dayalopticalsindia.com/products/ray-ban-meta-4008",18,9,7,0.25
"do-9219057451254","Ray-Ban","RAY BAN 0RB 3754","Sunglasses","sunglasses","Square","unisex",10701,11890,10,"ON SALE","https://cdn.shopify.com/s/files/1/0608/8563/1222/files/Ray_Ban_3754_001-31.......webp?v=1763625042",4,5,"https://dayalopticalsindia.com/products/ray-ban-0rb-3754",18,9,7,0.25
"do-9218249228534","Ray-Ban","RAY BAN 0RB 4456","Sunglasses","sunglasses","Square","unisex",10881,12090,10,"ON SALE","https://cdn.shopify.com/s/files/1/0608/8563/1222/files/Ray_Ban_4456_667781........webp?v=1763551921",2,4,"https://dayalopticalsindia.com/products/ray-ban-0rb-4456",18,9,7,0.25
"do-9218223833334","Ray-Ban","RAY BAN 0RB 3757","Sunglasses","sunglasses","Oval","unisex",11061,12290,10,"ON SALE","https://cdn.shopify.com/s/files/1/0608/8563/1222/files/Ray_Ban_3757_003-6D........webp?v=1763549457",3,6,"https://dayalopticalsindia.com/products/ray-ban-0rb-3757",18,9,7,0.25
"do-9218169405686","Ray-Ban","RAY BAN 0RB 4455","Sunglasses","sunglasses","Square","unisex",8901,9890,10,"ON SALE","https://cdn.shopify.com/s/files/1/0608/8563/1222/files/Ray_Ban_4455_135987.........webp?v=1763546399",4,9,"https://dayalopticalsindia.com/products/ray-ban-0rb-4455",18,9,7,0.25
"do-9218141323510","Ray-Ban","RAY BAN 0RB 4458D","Sunglasses","sunglasses","Square","unisex",9621,10690,10,"ON SALE","https://cdn.shopify.com/s/files/1/0608/8563/1222/files/Ray_Ban_4458D_601-87.........webp?v=1763539651",2,2,"https://dayalopticalsindia.com/products/ray-ban-0rb-4458d",18,9,7,0.25
"do-9218128478454","Ray-Ban","RAY BAN 0RB 3758","Sunglasses","sunglasses","Square","unisex",11691,12990,10,"ON SALE","https://cdn.shopify.com/s/files/1/0608/8563/1222/files/Ray_Ban_3758_003-2V........webp?v=1763536695",3,10,"https://dayalopticalsindia.com/products/ray-ban-0rb-3758",18,9,7,0.25
"do-9218119074038","Ray-Ban","RAY BAN 0RB 4457D","Sunglasses","sunglasses","Square","unisex",10341,11490,10,"ON SALE","https://cdn.shopify.com/s/files/1/0608/8563/1222/files/Ray_Ban_4457D_667711........webp?v=1763535354",2,4,"https://dayalopticalsindia.com/products/ray-ban-0rb-4457d",18,9,7,0.25
"do-9217789362422","Ray-Ban","RAY BAN 0RB 3755","Sunglasses","sunglasses","Rectangle","unisex",9891,11890,17,"ON SALE","https://cdn.shopify.com/s/files/1/0608/8563/1222/files/Ray_Ban_3755_001-31.......webp?v=1763466598",4,6,"https://dayalopticalsindia.com/products/ray-ban-0rb-3755",18,9,7,0.25
"do-9217741193462","Ray-Ban","RAY BAN 0RB 3756CH","Sunglasses","sunglasses","Square","unisex",19971,22190,10,"ON SALE","https://cdn.shopify.com/s/files/1/0608/8563/1222/files/Ray_Ban_3756CH_001-AL..........webp?v=1763462689",3,3,"https://dayalopticalsindia.com/products/ray-ban-0rb-3756ch",18,9,7,0.25
"do-9217737195766","Ray-Ban","RAY BAN 0RB 4459D","Sunglasses","sunglasses","Square","unisex",10341,11490,10,"ON SALE","https://cdn.shopify.com/s/files/1/0608/8563/1222/files/Ray_Ban_4459D_616613........webp?v=1763460097",3,5,"https://dayalopticalsindia.com/products/ray-ban-0rb-4459d",18,9,7,0.25
"do-9217700135158","Ray-Ban","RAY BAN 0RB 3756","Sunglasses","sunglasses","Square","unisex",12951,14390,10,"ON SALE","https://cdn.shopify.com/s/files/1/0608/8563/1222/files/Ray_Ban_3756_001-31........webp?v=1763451521",2,7,"https://dayalopticalsindia.com/products/ray-ban-0rb-3756",18,9,7,0.25
"do-9217668579574","Ray-Ban","RAY BAN 0RB 3875","Sunglasses","sunglasses","Square","unisex",11241,12490,10,"ON SALE","https://cdn.shopify.com/s/files/1/0608/8563/1222/files/Ray_Ban_3875_006-4E........webp?v=1763448224",3,7,"https://dayalopticalsindia.com/products/ray-ban-0rb-3875",18,9,7,0.25
"do-9216894763254","Ray-Ban","RAY BAN 0RB 4451","Sunglasses","sunglasses","Square","unisex",12951,14390,10,"ON SALE","https://cdn.shopify.com/s/files/1/0608/8563/1222/files/Ray_Ban_4451_601-B1.......webp?v=1763383968",3,8,"https://dayalopticalsindia.com/products/ray-ban-0rb-4451",18,9,7,0.25
"do-9216812056822","Ray-Ban","RAY BAN 0RB 4187","Sunglasses","sunglasses","Square","men",12411,13790,10,"ON SALE","https://cdn.shopify.com/s/files/1/0608/8563/1222/files/Ray_Ban_4187_6592T3.......webp?v=1763382073",1,1,"https://dayalopticalsindia.com/products/ray-ban-0rb-4187",18,9,7,0.25
"do-9216760414454","Ray-Ban","RAY BAN 0RB 2217M","Sunglasses","sunglasses","Square","unisex",17181,19290,11,"ON SALE","https://cdn.shopify.com/s/files/1/0608/8563/1222/files/Ray_Ban_2217M_F60171........webp?v=1763379980",3,3,"https://dayalopticalsindia.com/products/ray-ban-0rb-2217m",18,9,7,0.25
"do-9216616726774","Ray-Ban","RAY BAN 0RB 4454","Sunglasses","sunglasses","Rectangle","men",11511,12790,10,"ON SALE","https://cdn.shopify.com/s/files/1/0608/8563/1222/files/Ray_Ban_4454_1359B1........webp?v=1763376024",3,11,"https://dayalopticalsindia.com/products/ray-ban-0rb-4454",18,9,7,0.25
"do-9216528154870","Ray-Ban","RAY BAN 0RB 3762M","Sunglasses","sunglasses","Aviator","unisex",18891,20990,10,"ON SALE","https://cdn.shopify.com/s/files/1/0608/8563/1222/files/Ray_Ban_3762M_F00987........webp?v=1763373396",2,3,"https://dayalopticalsindia.com/products/ray-ban-0rb-3762m",18,9,7,0.25
"do-9215845597430","Ray-Ban","RAY BAN 0RB 8336M","Sunglasses","sunglasses","Square","unisex",17451,19390,10,"ON SALE","https://cdn.shopify.com/s/files/1/0608/8563/1222/files/Ray_Ban_8336M_F00271.......webp?v=1763205155",3,4,"https://dayalopticalsindia.com/products/ray-ban-0rb-8336m",18,9,7,0.25
"do-9215451726070","Ray-Ban","RAY BAN 0RB 3763M","Sunglasses","sunglasses","Square","unisex",14481,16090,10,"ON SALE","https://cdn.shopify.com/s/files/1/0608/8563/1222/files/Ray_Ban_3763M_F01887.........webp?v=1763114433",1,1,"https://dayalopticalsindia.com/products/ray-ban-0rb-3763m",18,9,7,0.25
"do-9215431573750","Ray-Ban","RAY BAN 0RB R0504S","Sunglasses","sunglasses","Rectangle","unisex",11961,13290,10,"ON SALE","https://cdn.shopify.com/s/files/1/0608/8563/1222/files/Ray_Ban_R0504S_1359VR.......webp?v=1763108667",3,4,"https://dayalopticalsindia.com/products/ray-ban-0rb-r0504s",18,9,7,0.25
"do-9215427870966","Ray-Ban","RAY BAN 0RB 4425","Sunglasses","sunglasses","Square","unisex",8901,9890,10,"ON SALE","https://cdn.shopify.com/s/files/1/0608/8563/1222/files/Ray_Ban_4425_667787........webp?v=1763106588",1,1,"https://dayalopticalsindia.com/products/ray-ban-0rb-4425",18,9,7,0.25
"do-9215419678966","Ray-Ban","RAY BAN 0RB 3945","Sunglasses","sunglasses","Square","unisex",13491,14990,10,"ON SALE","https://cdn.shopify.com/s/files/1/0608/8563/1222/files/Ray_Ban_3945_004-57.......webp?v=1763105056",1,1,"https://dayalopticalsindia.com/products/ray-ban-0rb-3945",18,9,7,0.25
"do-9215396217078","Ray-Ban","RAY BAN 0RB 4264","Sunglasses","sunglasses","Square","unisex",15021,16690,10,"ON SALE","https://cdn.shopify.com/s/files/1/0608/8563/1222/files/Ray_Ban_4264_601S80......webp?v=1763097853",1,2,"https://dayalopticalsindia.com/products/ray-ban-0rb-4264",18,9,7,0.25
"do-8340943700214","Ray-Ban","RAY BAN 0RB 4340","Sunglasses","sunglasses","Wayfarer/Square","unisex",14121,15690,10,"ON SALE","https://cdn.shopify.com/s/files/1/0608/8563/1222/files/Ray_Ban_4340_601-M3.........webp?v=1763037605",2,2,"https://dayalopticalsindia.com/products/ray-ban-0rb-4340",18,9,7,0.25
"do-9214847385846","Ray-Ban","RAY BAN 0RB 2218","Sunglasses","sunglasses","Square","unisex",10251,11390,10,"ON SALE","https://cdn.shopify.com/s/files/1/0608/8563/1222/files/Ray_Ban_2218_667771.........webp?v=1763033909",3,4,"https://dayalopticalsindia.com/products/ray-ban-0rb-2218",18,9,7,0.25
"do-9214838374646","Ray-Ban","RAY BAN 0RB 3770","Sunglasses","sunglasses","Square","unisex",11961,13290,10,"ON SALE","https://cdn.shopify.com/s/files/1/0608/8563/1222/files/Ray_Ban_3770_001-31........webp?v=1763027649",3,6,"https://dayalopticalsindia.com/products/ray-ban-0rb-3770",18,9,7,0.25
"do-9214804787446","Ray-Ban","RAY BAN 0RB 3832","Sunglasses","sunglasses","Rectangle","unisex",11511,12790,10,"ON SALE","https://cdn.shopify.com/s/files/1/0608/8563/1222/files/Ray_Ban_3832_001-31........webp?v=1763020377",4,5,"https://dayalopticalsindia.com/products/ray-ban-0rb-3832",18,9,7,0.25
"do-9213737304310","Ray-Ban","RAY BAN 0RB R0104S","Sunglasses","sunglasses","Wayfarer","women",13671,15190,10,"ON SALE","https://cdn.shopify.com/s/files/1/0608/8563/1222/files/Ray_Ban_R0104S_001-79.......webp?v=1762951374",1,4,"https://dayalopticalsindia.com/products/ray-ban-0rb-r0104s",18,9,7,0.25
"do-9213726982390","Ray-Ban","RAY BAN 0RB 2240","Sunglasses","sunglasses","Wayfarer","men",13671,15190,10,"ON SALE","https://cdn.shopify.com/s/files/1/0608/8563/1222/files/Ray_Ban_2240_129432.......webp?v=1762941835",2,6,"https://dayalopticalsindia.com/products/ray-ban-0rb-2240",18,9,7,0.25
"do-9213375414518","Ray-Ban","RAY BAN 0RB 3925","Sunglasses","sunglasses","Aviator","unisex",12231,13590,10,"POLARIZED CLASSIC","https://cdn.shopify.com/s/files/1/0608/8563/1222/files/Ray_Ban_3925_001-31......webp?v=1762863476",5,13,"https://dayalopticalsindia.com/products/ray-ban-0rb-3925",18,9,7,0.25
"do-9213356671222","Ray-Ban","RAY BAN 0RB 3767","Sunglasses","sunglasses","Round","unisex",11421,12690,10,"ON SALE","https://cdn.shopify.com/s/files/1/0608/8563/1222/files/Ray_Ban_3767_001-4C......webp?v=1762855311",2,7,"https://dayalopticalsindia.com/products/ray-ban-0rb-3767",18,9,7,0.25
"do-9213351887094","Ray-Ban","RAY BAN 0RB 3768","Sunglasses","sunglasses","Rectangle","men",12771,14190,10,"ON SALE","https://cdn.shopify.com/s/files/1/0608/8563/1222/files/Ray_Ban_3768_002-81......webp?v=1762854129",3,7,"https://dayalopticalsindia.com/products/ray-ban-0rb-3768",18,9,7,0.25
"do-9212133769462","Ray-Ban","RAY BAN 0RB 3947","Sunglasses","sunglasses","Rectangle","unisex",11511,12790,10,"POLARIZED CLASSIC","https://cdn.shopify.com/s/files/1/0608/8563/1222/files/Ray_Ban_3947_001-31.......webp?v=1762586224",4,10,"https://dayalopticalsindia.com/products/ray-ban-0rb-3947",18,9,7,0.25
"do-9212124397814","Ray-Ban","RAY BAN 0RB 4940","Sunglasses","sunglasses","Wayfarer","unisex",11241,12490,10,"ON SALE","https://cdn.shopify.com/s/files/1/0608/8563/1222/files/Ray_Ban_4940_601-87.......webp?v=1762583616",4,12,"https://dayalopticalsindia.com/products/ray-ban-0rb-4940",18,9,7,0.25
"do-9211285045494","Ray-Ban","RAY BAN 0RB 1969","Sunglasses","sunglasses","Rectangle","unisex",11241,12490,10,"ON SALE","https://cdn.shopify.com/s/files/1/0608/8563/1222/files/Ray_Ban_1969_001_B3.......webp?v=1762516524",4,9,"https://dayalopticalsindia.com/products/ray-ban-0rb-1969",18,9,7,0.25
"do-9211253522678","Ray-Ban","RAY BAN 0RB 0707SM","Sunglasses","sunglasses","Square","unisex",13941,15490,10,"ON SALE","https://cdn.shopify.com/s/files/1/0608/8563/1222/files/Ray_Ban_0707SM_901-G6.......webp?v=1762514018",2,2,"https://dayalopticalsindia.com/products/ray-ban-0rb-0707sm",18,9,7,0.25
"do-9211223474422","Ray-Ban","RAY BAN 0RB 0707S","Sunglasses","sunglasses","Square","unisex",11421,12690,10,"ON SALE","https://cdn.shopify.com/s/files/1/0608/8563/1222/files/Ray_Ban_0707S_66413F........webp?v=1762510252",4,6,"https://dayalopticalsindia.com/products/ray-ban-0rb-0707s",18,9,7,0.25
"do-7774374002934","Ray-Ban","RAY BAN  0RB 4105","Sunglasses","sunglasses","Wayfarer/Square","men",7641,8490,10,"ON SALE","https://cdn.shopify.com/s/files/1/0608/8563/1222/products/8053672430578_2.jpg?v=1659356663",4,7,"https://dayalopticalsindia.com/products/ray-ban-287",18,9,7,0.25
"do-7755061723382","Ray-Ban","RAY BAN  0RX 6049","Sunglasses","sunglasses","Aviator Optical","unisex",4041,4490,10,"ON SALE","https://cdn.shopify.com/s/files/1/0608/8563/1222/products/805289047308_2.jpg?v=1658218344",1,1,"https://dayalopticalsindia.com/products/ray-ban-100",18,9,7,0.25
"do-9155488219382","Ray-Ban","RAY BAN META 4008 WAYFARER BLACK CLEAR BLUE LIGHT FILTER","Sunglasses","sunglasses","Wayfarer","unisex",22425,29900,25,"SMART GLASSES","https://cdn.shopify.com/s/files/1/0608/8563/1222/files/Ray_Ban_Meta_4008_601_SB...W..._1.webp?v=1756709849",1,1,"https://dayalopticalsindia.com/products/ray-ban-meta-4008-wayfarer-black-clear-blue-light-filter",18,9,7,0.25
"do-9032499069174","Ray-Ban","RAY BAN META 4008 WAYFARER LARGE MATTE BLACK TRANSITION GRAPHITE GREEN","Sunglasses","sunglasses","Wayfarer","unisex",26775,35700,25,"SMART GLASSES","https://cdn.shopify.com/s/files/1/0608/8563/1222/files/Ray_Ban_4008_601S1M.........W.............webp?v=1747295322",1,1,"https://dayalopticalsindia.com/products/ray-ban-meta-4008-wayfarer-large-matte-black-transition-graphite-green",18,9,7,0.25
"do-8340882751734","Ray-Ban","RAY BAN 0RB 0840S","Sunglasses","sunglasses","Wayfarer","unisex",12051,13390,10,"ON SALE","https://cdn.shopify.com/s/files/1/0608/8563/1222/files/ray-ban-mega-wayfarer-rb-0840s-663693-hd-1.webp?v=1705488705",4,13,"https://dayalopticalsindia.com/products/ray-ban-0rb-0840s",18,9,7,0.25
"do-8777847079158","Ray-Ban","RAY BAN    0RX 8794","Eyeglasses","eyeglasses","Geometric Optical","unisex",19161,21290,10,"ON SALE","https://cdn.shopify.com/s/files/1/0608/8563/1222/files/Ray_Ban_8794_1000......_1.webp?v=1755501276",5,5,"https://dayalopticalsindia.com/products/ray-ban-0rx-8794",18,9,7,0.25
"do-8786155372790","Ray-Ban","RAY  BAN  0RB 4430","Sunglasses","sunglasses","Hexagon","unisex",10431,11590,10,"ON SALE","https://cdn.shopify.com/s/files/1/0608/8563/1222/files/ray-ban-rb-4430-zena-667781-black-8056262142615.webp?v=1722514013",4,8,"https://dayalopticalsindia.com/products/ray-ban-0rb-4431",18,9,7,0.25
"do-9111361945846","Emporio Armani","EMPORIO ARMANI  1171","Eyeglasses","eyeglasses","Rectangle Optical","unisex",13390,13390,0,"LUXURY ATELIER","https://cdn.shopify.com/s/files/1/0608/8563/1222/files/Emporio_Armani_1171_3001.......webp?v=1752493419",3,8,"https://dayalopticalsindia.com/products/emporio-armani-1171",18,9,7,0.25
"do-7936789381366","Carrera","CARRERA   287","Eyeglasses","eyeglasses","Round Optical","unisex",5700,7600,25,"ON SALE","https://cdn.shopify.com/s/files/1/0608/8563/1222/products/105905008600_P00.jpg?v=1671444793",4,5,"https://dayalopticalsindia.com/products/carrera-34",18,9,7,0.25
"do-7936789348598","Carrera","CARRERA   286","Eyeglasses","eyeglasses","Wayfarer Optical","men",5700,7600,25,"ON SALE","https://cdn.shopify.com/s/files/1/0608/8563/1222/products/105965008600_P00_8a335a7b-89de-49a0-9ec0-f085cff66566.jpg?v=1671443506",4,7,"https://dayalopticalsindia.com/products/carrera-33",18,9,7,0.25
"do-9060191568118","Vogue","VOGUE  JUNIOR    0VJ 1001","Sunglasses","sunglasses","Aviator","unisex",3890,3890,0,"LUXURY ATELIER","https://cdn.shopify.com/s/files/1/0608/8563/1222/files/Vogue_Junior_1001_323_87....webp?v=1749209777",4,6,"https://dayalopticalsindia.com/products/vogue-junior-0vj-1001",18,9,7,0.25
"do-9032530919670","Ray-Ban","RAY BAN META 4010 SKYLER GREY TRANSITION SAPPHIRE","Sunglasses","sunglasses","Cat Eye","unisex",26775,35700,25,"SMART GLASSES","https://cdn.shopify.com/s/files/1/0608/8563/1222/files/Ray_Ban_4010_6700MF..W..................webp?v=1747296663",1,1,"https://dayalopticalsindia.com/products/ray-ban-meta-4010-chalky-gray",18,9,7,0.25
"do-9032522694902","Ray-Ban","RAY BAN META 4010 SKYLER BLACK  G15 GREEN","Sunglasses","sunglasses","Cat Eye","unisex",22425,29900,25,"SMART GLASSES","https://cdn.shopify.com/s/files/1/0608/8563/1222/files/Ray_Ban_4010_601-71..........webp?v=1747301935",1,1,"https://dayalopticalsindia.com/products/ray-ban-meta-4010-shiny-black",18,9,7,0.25
"do-9032512995574","Ray-Ban","RAY BAN META 4010 SKYLER BLACK CLEAR BLUE LIGHT FILTER","Sunglasses","sunglasses","Cat Eye","unisex",22425,29900,25,"SMART GLASSES","https://cdn.shopify.com/s/files/1/0608/8563/1222/files/Ray_Ban_4010_601-71............W........webp?v=1747381075",1,1,"https://dayalopticalsindia.com/products/ray-ban-meta-4010-shiny-black-with-clear-lens",18,9,7,0.25
"do-9031772635382","Ray-Ban","RAY BAN META 4006 WAYFARER MATTE BLACK POLARISED","Sunglasses","sunglasses","Wayfarer","unisex",24075,32100,25,"SMART GLASSES","https://cdn.shopify.com/s/files/1/0608/8563/1222/files/Ray_Ban_4006_601ST3.......webp?v=1747225915",1,1,"https://dayalopticalsindia.com/products/ray-ban-meta-4006-matte-black-poloroid",18,9,7,0.25
"do-9031766474998","Ray-Ban","RAY BAN META 4006 WAYFARER MATTE BLACK TRANSITION GRAPHITE GREEN","Sunglasses","sunglasses","Wayfarer","unisex",26775,35700,25,"SMART GLASSES","https://cdn.shopify.com/s/files/1/0608/8563/1222/files/Ray_Ban_4006_601S1M.......webp?v=1747223739",1,1,"https://dayalopticalsindia.com/products/ray-ban-meta-4006-matte-black-transition",18,9,7,0.25
"do-9031758971126","Ray-Ban","RAY BAN META 4006 WAYFARER BLACK CLEAR BLUE LIGHT FILTER","Sunglasses","sunglasses","Wayfarer","unisex",22425,29900,25,"SMART GLASSES","https://cdn.shopify.com/s/files/1/0608/8563/1222/files/Ray_Ban_4006_601-SB......webp?v=1747222728",1,1,"https://dayalopticalsindia.com/products/ray-ban-meta-4006-shiny-black-with-clear-lenses",18,9,7,0.25
"do-9031730725110","Ray-Ban","RAY BAN META 4006 WAYFARER BLACK G15 GREEN","Sunglasses","sunglasses","Wayfarer","unisex",22425,29900,25,"SMART GLASSES","https://cdn.shopify.com/s/files/1/0608/8563/1222/files/Ray_Ban_Meta_4006_601-71.....webp?v=1747219785",1,1,"https://dayalopticalsindia.com/products/ray-ban-4006",18,9,7,0.25
"do-8913692786934","Ray-Ban","RAY BAN 0RB 3721CH","Sunglasses","sunglasses","Square","unisex",15291,16990,10,"ON SALE","https://cdn.shopify.com/s/files/1/0608/8563/1222/files/657964_side_1_1717120954664.webp?v=1733315254",1,1,"https://dayalopticalsindia.com/products/ray-ban-0rb-3721ch",18,9,7,0.25
"do-8800331497718","Ray-Ban","RAY  BAN  0RB 3897","Sunglasses","sunglasses","Wayfarer/Square","unisex",11961,13290,10,"ON SALE","https://cdn.shopify.com/s/files/1/0608/8563/1222/files/ray-ban-rb-3897-wings-iii-00171-gold-8056262033821.webp?v=1723553563",1,2,"https://dayalopticalsindia.com/products/ray-ban-0rb-3897",18,9,7,0.25
"do-8778876354806","Ray-Ban","RAY  BAN  0RB 0502S","Sunglasses","sunglasses","Wayfarer/Square","unisex",11961,13290,10,"ON SALE","https://cdn.shopify.com/s/files/1/0608/8563/1222/files/675148_1712042251657_1.webp?v=1722074969",1,2,"https://dayalopticalsindia.com/products/ray-ban-0rb-0502s",18,9,7,0.25
"do-8777411690742","Ray-Ban","RAY  BAN   0RX 6455","Eyeglasses","eyeglasses","Wayfarer/Square optical","unisex",6831,7590,10,"ON SALE","https://cdn.shopify.com/s/files/1/0608/8563/1222/files/ray-ban-vista-rx-6455-2501-silver-8056597246491.webp?v=1721979164",1,1,"https://dayalopticalsindia.com/products/ray-ban-0rx-6455",18,9,7,0.25
"do-8377284788470","Vogue","VOGUE      5511","Eyeglasses","eyeglasses","Wayfarer/Square optical","women",4199,4772,12,"ON SALE","https://cdn.shopify.com/s/files/1/0608/8563/1222/files/vogue-vo-5511-w44-black-8056597811552-800x800w_0225b627-b5c6-4fdb-9d83-6f874d0e5ff1.webp?v=1719901188",2,2,"https://dayalopticalsindia.com/products/vogue-5511",18,9,7,0.25
"do-8184795824374","Ray-Ban","RAY BAN  0RB 4407","Sunglasses","sunglasses","Square","unisex",9441,10490,10,"ON SALE","https://cdn.shopify.com/s/files/1/0608/8563/1222/files/ray-ban-rb-4407-654571-black-transparent-8056597936309.webp?v=1696662461",2,2,"https://dayalopticalsindia.com/products/ray-ban-0rb-4407",18,9,7,0.25
"do-7971650044150","Vogue","VOGUE    4085S","Sunglasses","sunglasses","Round","women",6327,7190,12,"ON SALE","https://cdn.shopify.com/s/files/1/0608/8563/1222/products/8053672863321_2.jpg?v=1676967087",1,1,"https://dayalopticalsindia.com/products/vogue-121",18,9,7,0.25
"do-7970540880118","Vogue","VOGUE     2925BI","Eyeglasses","eyeglasses","Cat Eye Optical","women",3071,3490,12,"ON SALE","https://cdn.shopify.com/s/files/1/0608/8563/1222/products/8053672307108_2.jpg?v=1676368049",1,1,"https://dayalopticalsindia.com/products/vogue-8",18,9,7,0.25
"do-7970540814582","Vogue","VOGUE    2910B","Eyeglasses","eyeglasses","Cat Eye Optical","women",4117,4678,12,"ON SALE","https://cdn.shopify.com/s/files/1/0608/8563/1222/products/8053672293715_2.jpg?v=1676367683",1,1,"https://dayalopticalsindia.com/products/vogue-7",18,9,7,0.25
"do-7936788889846","Carrera","CARRERA  225","Eyeglasses","eyeglasses","Rectangle Optical","unisex",6000,8000,25,"ON SALE","https://cdn.shopify.com/s/files/1/0608/8563/1222/products/103116008600_P00.jpg?v=1671194353",2,2,"https://dayalopticalsindia.com/products/carrera-20",18,9,7,0.25
"do-7875893756150","Ray-Ban","RAY BAN  0RB 3637","Sunglasses","sunglasses","Round","unisex",11421,12690,10,"ON SALE","https://cdn.shopify.com/s/files/1/0608/8563/1222/products/0RB3637__003_3F_030A.jpg?v=1666267243",2,8,"https://dayalopticalsindia.com/products/ray-ban-0rb3637",18,9,7,0.25
"do-7783513882870","Ray-Ban","RAY BAN  0RB 4320CH","Sunglasses","sunglasses","Aviator","unisex",10611,11790,10,"ON SALE","https://cdn.shopify.com/s/files/1/0608/8563/1222/products/8056597017398_2.jpg?v=1659787761",1,1,"https://dayalopticalsindia.com/products/ray-ban-0rb4320ch",18,9,7,0.25
"do-7775902597366","Ray-Ban","RAY BAN    5397","Eyeglasses","eyeglasses","Wayfarer/Square optical","unisex",8001,8890,10,"ON SALE","https://cdn.shopify.com/s/files/1/0608/8563/1222/products/ray-ban-rx-5397-elliot-2000-black-8056597429696.webp?v=1689848319",2,3,"https://dayalopticalsindia.com/products/ray-ban-336",18,9,7,0.25
"do-7774373249270","Ray-Ban","RAY BAN  0RB 3652","Sunglasses","sunglasses","Cat Eye","unisex",6921,7690,10,"ON SALE","https://cdn.shopify.com/s/files/1/0608/8563/1222/products/8056597069984_2.jpg?v=1659341961",3,3,"https://dayalopticalsindia.com/products/ray-ban-264",18,9,7,0.25
"do-7768807866614","Ray-Ban","RAY BAN 0RB 3362","Sunglasses","sunglasses","Aviator","men",8451,9390,10,"ON SALE","https://cdn.shopify.com/s/files/1/0608/8563/1222/products/8053672561593_2.jpg?v=1658905222",3,4,"https://dayalopticalsindia.com/products/ray-ban-222",18,9,7,0.25
"do-7756053577974","Ray-Ban","RAY BAN   0RX 7177","Eyeglasses","eyeglasses","Wayfarer/Square optical","men",5841,6490,10,"ON SALE","https://cdn.shopify.com/s/files/1/0608/8563/1222/products/8056597183482_2.jpg?v=1658397040",2,2,"https://dayalopticalsindia.com/products/ray-ban-171",18,9,7,0.25
"do-7756052889846","Ray-Ban","RAY BAN  0RX7055","Eyeglasses","eyeglasses","Rectangle","men",6291,6990,10,"ON SALE","https://cdn.shopify.com/s/files/1/0608/8563/1222/products/8053672425369_2.jpg?v=1658319450",1,1,"https://dayalopticalsindia.com/products/ray-ban-154",18,9,7,0.25
"do-7755062575350","Ray-Ban","RAY BAN  0RX 6433","Eyeglasses","eyeglasses","Wayfarer/Square optical","women",6831,7590,10,"ON SALE","https://cdn.shopify.com/s/files/1/0608/8563/1222/products/8056597010603_2.jpg?v=1658238640",3,3,"https://dayalopticalsindia.com/products/ray-ban-125",18,9,7,0.25
"do-7755062182134","Ray-Ban","RAY BAN 0RX 6345","Eyeglasses","eyeglasses","Cat Eye Optical","women",6651,7390,10,"ON SALE","https://cdn.shopify.com/s/files/1/0608/8563/1222/products/8053672686104_2.jpg?v=1658232197",1,1,"https://dayalopticalsindia.com/products/ray-ban-113",18,9,7,0.25
"do-7755061625078","Ray-Ban","RAY BAN  0RX 5486","Eyeglasses","eyeglasses","Wayfarer/Square optical","unisex",8001,8890,10,"ON SALE","https://cdn.shopify.com/s/files/1/0608/8563/1222/products/8056597449496_2.jpg?v=1658226817",2,4,"https://dayalopticalsindia.com/products/ray-ban-97",18,9,7,0.25
"do-7755061559542","Ray-Ban","RAY BAN  0RX 5398","Eyeglasses","eyeglasses","Rectangle","unisex",8361,9290,10,"ON SALE","https://cdn.shopify.com/s/files/1/0608/8563/1222/products/8056597461948_2.jpg?v=1658225915",2,3,"https://dayalopticalsindia.com/products/ray-ban-95",18,9,7,0.25
"do-7755060773110","Ray-Ban","RAY BAN   0RX 5279","Eyeglasses","eyeglasses","Wayfarer/Square optical","men",6741,7490,10,"ON SALE","https://cdn.shopify.com/s/files/1/0608/8563/1222/products/8053672430196_2.jpg?v=1658210628",3,4,"https://dayalopticalsindia.com/products/ray-ban-74",18,9,7,0.25
"do-7755060609270","Ray-Ban","RAY BAN 0RX 5154M","Eyeglasses","eyeglasses","Wayfarer/Square optical","unisex",13491,14990,10,"ON SALE","https://cdn.shopify.com/s/files/1/0608/8563/1222/products/8053672430721_2.jpg?v=1657981123",2,3,"https://dayalopticalsindia.com/products/ray-ban-69",18,9,7,0.25
"do-7755059953910","Ray-Ban","RAY BAN 0RX 2547V","Eyeglasses","eyeglasses","Round Optical","unisex",6831,7590,10,"ON SALE","https://cdn.shopify.com/s/files/1/0608/8563/1222/products/8053672970975_2.jpg?v=1657970446",2,2,"https://dayalopticalsindia.com/products/ray-ban-50",18,9,7,0.25
"do-7751580713206","Ray-Ban","RAY BAN JUNIOR   0RY  1592","Eyeglasses","eyeglasses","Wayfarer/Square optical","unisex",4090,4090,0,"JUNIOR COLLECTION","https://cdn.shopify.com/s/files/1/0608/8563/1222/files/513519_side_2_1626240558645.webp?v=1703312226",1,1,"https://dayalopticalsindia.com/products/ray-ban-27",18,9,7,0.25
"do-8979636125942","Carrera","CARRERA    297/CS","Sunglasses","sunglasses","Round","unisex",8550,11400,25,"ON SALE","https://cdn.shopify.com/s/files/1/0608/8563/1222/files/Carrera_297-CS_003..webp?v=1741325780",2,3,"https://dayalopticalsindia.com/products/carrera-297-cs",18,9,7,0.25
"do-8974187888886","Carrera","CARRERA    HYPERFIT 16/CS","Sunglasses","sunglasses","Wayfarer","men",6900,9200,25,"ON SALE","https://cdn.shopify.com/s/files/1/0608/8563/1222/files/HYPERFIT_16CS_003..webp?v=1740551883",1,2,"https://dayalopticalsindia.com/products/carrera-hyperfit-16-cs",18,9,7,0.25
"do-8973648691446","Carrera","CARRERA     8066/CS","Sunglasses","sunglasses","Pento","unisex",7725,10300,25,"ON SALE","https://cdn.shopify.com/s/files/1/0608/8563/1222/files/Carrera_8066CS_08A....webp?v=1740485823",3,4,"https://dayalopticalsindia.com/products/carrera-8066-cs",18,9,7,0.25
"do-8973613138166","Carrera","CARRERA     8062/CS","Sunglasses","sunglasses","Square","men",7725,10300,25,"ON SALE","https://cdn.shopify.com/s/files/1/0608/8563/1222/files/Carrera_8062CS_08A...webp?v=1740481148",2,3,"https://dayalopticalsindia.com/products/carrera-8062-cs",18,9,7,0.25
"do-8973597376758","Carrera","CARRERA     8061/CS","Sunglasses","sunglasses","Wayfarer","men",7725,10300,25,"ON SALE","https://cdn.shopify.com/s/files/1/0608/8563/1222/files/Carrera_8061CS_08A...webp?v=1740478797",2,3,"https://dayalopticalsindia.com/products/carrera-8061-cs",18,9,7,0.25
"do-8973586235638","Carrera","CARRERA     8053/CS","Sunglasses","sunglasses","Wayfarer","men",8100,10800,25,"ON SALE","https://cdn.shopify.com/s/files/1/0608/8563/1222/files/carrera_8053CS_003..webp?v=1740477201",1,3,"https://dayalopticalsindia.com/products/carrera-8053-cs",18,9,7,0.25
"do-8947313180918","Emporio Armani","EMPORIO ARMANI    4205","Sunglasses","sunglasses","Round","men",13690,13690,0,"LUXURY ATELIER","https://cdn.shopify.com/s/files/1/0608/8563/1222/files/523.jpg?v=1736925669",4,4,"https://dayalopticalsindia.com/products/emporio-armani-4205",18,9,7,0.25
"do-8944566632694","Emporio Armani","EMPORIO ARMANI    4199U","Sunglasses","sunglasses","Wayfarer","men",11890,11890,0,"LUXURY ATELIER","https://cdn.shopify.com/s/files/1/0608/8563/1222/files/emporio-armani-ea-4199u-500187-matte-black-8056597819206.webp?v=1736922790",3,5,"https://dayalopticalsindia.com/products/emporio-armani-4199u",18,9,7,0.25
"do-8944566436086","Emporio Armani","EMPORIO ARMANI    4189U","Sunglasses","sunglasses","Rectangle","men",16290,16290,0,"LUXURY ATELIER","https://cdn.shopify.com/s/files/1/0608/8563/1222/files/emporio-armani-ea-4189u-50011w-matte-black-8056597729536.webp?v=1736857533",3,3,"https://dayalopticalsindia.com/products/emporio-armani-4189u",18,9,7,0.25
"do-8944566075638","Emporio Armani","EMPORIO ARMANI    4129","Sunglasses","sunglasses","Square","men",12790,12790,0,"LUXURY ATELIER","https://cdn.shopify.com/s/files/1/0608/8563/1222/files/emporio-armani-ea-4129-50606g-matte-grey-8056597846349.webp?v=1736851006",2,2,"https://dayalopticalsindia.com/products/emporio-armani-4129",18,9,7,0.25
"do-8944565911798","Emporio Armani","EMPORIO ARMANI    4115","Sunglasses","sunglasses","Square","men",19590,19590,0,"LUXURY ATELIER","https://cdn.shopify.com/s/files/1/0608/8563/1222/files/581882_1656053418358.webp?v=1736847916",3,6,"https://dayalopticalsindia.com/products/emporio-armani-4115",18,9,7,0.25
"do-8944563650806","Emporio Armani","EMPORIO ARMANI    4029","Sunglasses","sunglasses","Square","men",14390,14390,0,"LUXURY ATELIER","https://cdn.shopify.com/s/files/1/0608/8563/1222/files/emporio-armani-ea-4029-5060t3-matte-grey-8056597844932.webp?v=1736842283",2,2,"https://dayalopticalsindia.com/products/emporio-armani-4029",18,9,7,0.25
"do-8944561783030","Emporio Armani","EMPORIO ARMANI    2158","Sunglasses","sunglasses","Cat Eye","women",15290,15290,0,"LUXURY ATELIER","https://cdn.shopify.com/s/files/1/0608/8563/1222/files/emporio-armani-ea-2158-30031-shiny-gunmetal-8056262242520.webp?v=1736840497",2,3,"https://dayalopticalsindia.com/products/emporio-armani-2158",18,9,7,0.25
"do-8944558735606","Emporio Armani","EMPORIO ARMANI    2157","Sunglasses","sunglasses","Round","men",15290,15290,0,"LUXURY ATELIER","https://cdn.shopify.com/s/files/1/0608/8563/1222/files/emporio-armani-ea-2157-300187-matte-black-8056262241141.webp?v=1736838658",2,4,"https://dayalopticalsindia.com/products/emporio-armani-2157",18,9,7,0.25
"do-8944553820406","Emporio Armani","EMPORIO ARMANI    2156","Sunglasses","sunglasses","Aviator","men",16590,16590,0,"LUXURY ATELIER","https://cdn.shopify.com/s/files/1/0608/8563/1222/files/emporio-armani-ea-2156-300187-matte-black-8056262241806.webp?v=1736833026",2,4,"https://dayalopticalsindia.com/products/emporio-armani-2156",18,9,7,0.25
"do-8944533012726","Emporio Armani","EMPORIO ARMANI    2150","Sunglasses","sunglasses","Rectangle","men",17390,17390,0,"LUXURY ATELIER","https://cdn.shopify.com/s/files/1/0608/8563/1222/files/emporio-armani-ea-2150-301371-shiny-pale-gold-8056597951906.webp?v=1736765782",2,3,"https://dayalopticalsindia.com/products/emporio-armani-2150",18,9,7,0.25
"do-8944529309942","Emporio Armani","EMPORIO ARMANI    2147","Sunglasses","sunglasses","Geometric","men",16290,16290,0,"LUXURY ATELIER","https://cdn.shopify.com/s/files/1/0608/8563/1222/files/emporio-armani-ea-2147-300187-matte-black-8056597947275.webp?v=1736750502",3,4,"https://dayalopticalsindia.com/products/emporio-armani-2147",18,9,7,0.25
"do-8944525607158","Emporio Armani","EMPORIO ARMANI    2140","Sunglasses","sunglasses","Rectangle","unisex",13590,13590,0,"LUXURY ATELIER","https://cdn.shopify.com/s/files/1/0608/8563/1222/files/emporio-armani-ea-2140-300171-matte-black-8056597817707.webp?v=1736745851",3,3,"https://dayalopticalsindia.com/products/emporio-armani-2140",18,9,7,0.25
"do-8944524230902","Emporio Armani","EMPORIO ARMANI    2139","Sunglasses","sunglasses","Wayfarer","unisex",13590,13590,0,"LUXURY ATELIER","https://cdn.shopify.com/s/files/1/0608/8563/1222/files/emporio-armani-ea-2139-300187-matte-black-8056597817592.webp?v=1736591611",4,4,"https://dayalopticalsindia.com/products/emporio-armani-2139",18,9,7,0.25
"do-8944522690806","Emporio Armani","EMPORIO ARMANI    2094","Sunglasses","sunglasses","Wayfarer","men",14590,14590,0,"LUXURY ATELIER","https://cdn.shopify.com/s/files/1/0608/8563/1222/files/emporio-armani-ea-2094-300187-matte-black-8056597820196.webp?v=1736581362",2,2,"https://dayalopticalsindia.com/products/emporio-armani-2094",18,9,7,0.25
"do-8944505848054","Emporio Armani","EMPORIO ARMANI  1141","Eyeglasses","eyeglasses","Rectangle Optical","men",10584,10584,0,"LUXURY ATELIER","https://cdn.shopify.com/s/files/1/0608/8563/1222/files/emporio-armani-ea-1141-3001-matte-black-8056597819411.webp?v=1736575553",4,4,"https://dayalopticalsindia.com/products/emporio-armani-1142",18,9,7,0.25
"do-8940598755574","Emporio Armani","EMPORIO ARMANI 1147","Eyeglasses","eyeglasses","Rectangle Optical","men",13390,13390,0,"LUXURY ATELIER","https://cdn.shopify.com/s/files/1/0608/8563/1222/files/emporio-armani-ea-1147-3365-matte-gunmetalblack-8056597944946-800x800w_966c7ff0-6815-4df3-8f27-a31364710698.webp?v=1736495809",3,6,"https://dayalopticalsindia.com/products/emporio-armani-1143",18,9,7,0.25
"do-8932046504182","Emporio Armani","EMPORIO ARMANI 1095","Eyeglasses","eyeglasses","Rectangle Optical","men",10313,10313,0,"LUXURY ATELIER","https://cdn.shopify.com/s/files/1/0608/8563/1222/files/2019-04-13_180933.webp?v=1736420541",2,3,"https://dayalopticalsindia.com/products/emporio-armani-8",18,9,7,0.25
"do-8932038705398","Emporio Armani","EMPORIO ARMANI 1094","Eyeglasses","eyeglasses","Square Optical","men",8906,8906,0,"LUXURY ATELIER","https://cdn.shopify.com/s/files/1/0608/8563/1222/files/1094color3010.webp?v=1736322761",2,2,"https://dayalopticalsindia.com/products/emporio-armani-7",18,9,7,0.25
"do-8932022386934","Emporio Armani","EMPORIO ARMANI 1075","Eyeglasses","eyeglasses","Rectangle Optical","men",10313,10313,0,"LUXURY ATELIER","https://cdn.shopify.com/s/files/1/0608/8563/1222/files/emporio-armani-ea-1075-3229-blu-elettrico-opaco-image-a.webp?v=1735901784",3,4,"https://dayalopticalsindia.com/products/emporio-armani-4",18,9,7,0.25
"do-8932020879606","Emporio Armani","EMPORIO ARMANI 1071","Eyeglasses","eyeglasses","Square Optical","men",8438,8438,0,"LUXURY ATELIER","https://cdn.shopify.com/s/files/1/0608/8563/1222/files/emporio-armani-1071-3196.jpg?v=1735900635",1,1,"https://dayalopticalsindia.com/products/emporio-armani-3",18,9,7,0.25
"do-8932018651382","Emporio Armani","EMPORIO ARMANI 1068","Eyeglasses","eyeglasses","Rectangle Optical","women",9375,9375,0,"LUXURY ATELIER","https://cdn.shopify.com/s/files/1/0608/8563/1222/files/emporio-armani-ea-1068-3001-matte-black.webp?v=1735812226",2,2,"https://dayalopticalsindia.com/products/emporio-armani-1",18,9,7,0.25
"do-8932047454454","Emporio Armani","EMPORIO ARMANI  1101","Eyeglasses","eyeglasses","Aviator Optical","unisex",11334,11334,0,"LUXURY ATELIER","https://cdn.shopify.com/s/files/1/0608/8563/1222/files/emporio-armani-ea-1101-3002-matte-pale-gold-8056597111102.webp?v=1736422551",1,1,"https://dayalopticalsindia.com/products/emporio-armani-9",18,9,7,0.25
"do-8932025925878","Emporio Armani","EMPORIO ARMANI  1088","Eyeglasses","eyeglasses","Round Optical","men",11250,11250,0,"LUXURY ATELIER","https://cdn.shopify.com/s/files/1/0608/8563/1222/files/1088_color3001.webp?v=1736322988",2,2,"https://dayalopticalsindia.com/products/emporio-armani-6",18,9,7,0.25
"do-8932024123638","Emporio Armani","EMPORIO ARMANI  1086","Eyeglasses","eyeglasses","Rectangle Optical","men",9844,9844,0,"LUXURY ATELIER","https://cdn.shopify.com/s/files/1/0608/8563/1222/files/emporio-armani-ea-1086-3001-matte-black-8056597008426.webp?v=1735905182",1,1,"https://dayalopticalsindia.com/products/emporio-armani-5",18,9,7,0.25
"do-8932014096630","Emporio Armani","EMPORIO ARMANI  1066","Eyeglasses","eyeglasses","Cat Eye Optical","unisex",11500,11500,0,"LUXURY ATELIER","https://cdn.shopify.com/s/files/1/0608/8563/1222/files/EA175BL54_A.jpg?v=1735286419",2,2,"https://dayalopticalsindia.com/products/emporio-armani",18,9,7,0.25
"do-8916736147702","Vogue","VOGUE    5566S","Sunglasses","sunglasses","Cat Eye","women",6151,6990,12,"ON SALE","https://cdn.shopify.com/s/files/1/0608/8563/1222/files/vogue-vo-5566s-304890-full-bordeaux-8056262043035.webp?v=1733469638",3,5,"https://dayalopticalsindia.com/products/vogue-5566s",18,9,7,0.25
"do-8916723138806","Vogue","VOGUE    5571S","Sunglasses","sunglasses","Wayfarer","men",7911,8990,12,"ON SALE","https://cdn.shopify.com/s/files/1/0608/8563/1222/files/669643_1708394565770.webp?v=1733467595",3,3,"https://dayalopticalsindia.com/products/vogue-5571s",18,9,7,0.25
"do-8872681111798","Ray-Ban","RAY BAN  0RB  R0103S","Sunglasses","sunglasses","Round","unisex",15021,16690,10,"ON SALE","https://cdn.shopify.com/s/files/1/0608/8563/1222/files/ray-ban-rb-r0103s-round-reverse-00183-arista-gold-8056262268346.webp?v=1729160558",4,14,"https://dayalopticalsindia.com/products/ray-ban-0rb-r0103s",18,9,7,0.25
"do-8872674492662","Ray-Ban","RAY BAN  0RB  4436D","Sunglasses","sunglasses","Geometric","unisex",9621,10690,10,"ON SALE","https://cdn.shopify.com/s/files/1/0608/8563/1222/files/ray-ban-rb-4436d-667772-black-8056262085929.webp?v=1729159638",2,4,"https://dayalopticalsindia.com/products/ray-ban-0rb-4436d",18,9,7,0.25
"do-8874471031030","Ray-Ban","RAY BAN  0RB  4421D","Sunglasses","sunglasses","Rectangle","unisex",8901,9890,10,"ON SALE","https://cdn.shopify.com/s/files/1/0608/8563/1222/files/ray-ban-rb-4421d-667784-black-8056262080948.webp?v=1729150471",2,4,"https://dayalopticalsindia.com/products/ray-ban-0rb-4421d-1",18,9,7,0.25
"do-8872082276598","Ray-Ban","RAY BAN 0RB 3845","Sunglasses","sunglasses","Aviator","unisex",11511,12790,10,"ON SALE","https://cdn.shopify.com/s/files/1/0608/8563/1222/files/690660_1726543574061.webp?v=1729081947",5,5,"https://dayalopticalsindia.com/products/ray-ban-0rb-3845",18,9,7,0.25
"do-8872076738806","Ray-Ban","RAY BAN 0RB 3751CH","Sunglasses","sunglasses","Square","unisex",14931,16590,10,"ON SALE","https://cdn.shopify.com/s/files/1/0608/8563/1222/files/002RAY.webp?v=1729077311",3,8,"https://dayalopticalsindia.com/products/ray-ban-0rb-3751ch",18,9,7,0.25
"do-8872071528694","Ray-Ban","RAY BAN 0RB 3751","Sunglasses","sunglasses","Square","unisex",10701,11890,10,"ON SALE","https://cdn.shopify.com/s/files/1/0608/8563/1222/files/690654_1726543574059.webp?v=1729072282",3,8,"https://dayalopticalsindia.com/products/ray-ban-0rb-3751",18,9,7,0.25
"do-8872070414582","Ray-Ban","RAY BAN 0RB 3750","Sunglasses","sunglasses","Square","unisex",10701,11890,10,"ON SALE","https://cdn.shopify.com/s/files/1/0608/8563/1222/files/3750.webp?v=1729066100",3,4,"https://dayalopticalsindia.com/products/ray-ban-0rb-3750",18,9,7,0.25
"do-8872052949238","Ray-Ban","RAY BAN 0RB 3749","Sunglasses","sunglasses","Geometric","women",10611,11790,10,"ON SALE","https://cdn.shopify.com/s/files/1/0608/8563/1222/files/690649_1726543574057.webp?v=1729064515",2,10,"https://dayalopticalsindia.com/products/ray-ban-0rb-3749",18,9,7,0.25
"do-8872044822774","Ray-Ban","RAY BAN 0RB 3746","Sunglasses","sunglasses","Rectangle","unisex",12231,13590,10,"ON SALE","https://cdn.shopify.com/s/files/1/0608/8563/1222/files/691574_1727743924270.webp?v=1728990124",3,8,"https://dayalopticalsindia.com/products/ray-ban-0rb-3746",18,9,7,0.25
"do-8872042758390","Ray-Ban","RAY BAN 0RB 3723I","Sunglasses","sunglasses","Aviator","unisex",7731,8590,10,"ON SALE","https://cdn.shopify.com/s/files/1/0608/8563/1222/files/1-59-4.jpg?v=1728987796",3,4,"https://dayalopticalsindia.com/products/ray-ban-0rb-3723i",18,9,7,0.25
"do-8872032862454","Ray-Ban","RAY BAN 0RB 3543","Sunglasses","sunglasses","Aviator","unisex",14661,16290,10,"ON SALE","https://cdn.shopify.com/s/files/1/0608/8563/1222/files/ray-ban-rb-3543-0025l-hd-1.webp?v=1728975637",2,2,"https://dayalopticalsindia.com/products/ray-ban-0rb-3543",18,9,7,0.25
"do-8872015986934","Ray-Ban","RAY BAN 0RB 2231","Sunglasses","sunglasses","Rectangle","unisex",11511,12790,10,"ON SALE","https://cdn.shopify.com/s/files/1/0608/8563/1222/files/690628_1726543574051.webp?v=1728973815",3,7,"https://dayalopticalsindia.com/products/ray-ban-0rb-2142",18,9,7,0.25
"do-8872015102198","Ray-Ban","RAY BAN 0RB 2213CH","Sunglasses","sunglasses","Square","unisex",14931,16590,10,"ON SALE","https://cdn.shopify.com/s/files/1/0608/8563/1222/files/691564_1727743924267.webp?v=1728972521",3,5,"https://dayalopticalsindia.com/products/ray-ban-0rb-2140",18,9,7,0.25
"do-8872013857014","Ray-Ban","RAY BAN 0RB 2213","Sunglasses","sunglasses","Square","unisex",11421,12690,10,"ON SALE","https://cdn.shopify.com/s/files/1/0608/8563/1222/files/690620_1726543574048.webp?v=1728971307",1,2,"https://dayalopticalsindia.com/products/ray-ban-0rb-2213",18,9,7,0.25
"do-8864465420534","Carrera","CARRERA     8069/CS","Sunglasses","sunglasses","Square","men",7725,10300,25,"ON SALE","https://cdn.shopify.com/s/files/1/0608/8563/1222/files/10211198.jpg?v=1728035368",3,4,"https://dayalopticalsindia.com/products/carrera-8069-cs",18,9,7,0.25
"do-8864419610870","Carrera","CARRERA     340/S","Sunglasses","sunglasses","Wayfarer","men",7425,9900,25,"ON SALE","https://cdn.shopify.com/s/files/1/0608/8563/1222/files/Carrera-CARRERA-340-S-284-M9.jpg?v=1728027381",2,3,"https://dayalopticalsindia.com/products/carrera-340-s",18,9,7,0.25
"do-8864413581558","Carrera","CARRERA     339/S","Sunglasses","sunglasses","Round","men",7725,10300,25,"ON SALE","https://cdn.shopify.com/s/files/1/0608/8563/1222/files/Carrera-CARRERA-339-S-0NR-70.jpg?v=1728026309",2,3,"https://dayalopticalsindia.com/products/carrera-339-s",18,9,7,0.25
"do-8864409518326","Carrera","CARRERA     338/S","Sunglasses","sunglasses","Square/Aviator","men",8550,11400,25,"ON SALE","https://cdn.shopify.com/s/files/1/0608/8563/1222/files/Carrera-CARRERA-338-S-003-86.jpg?v=1728024851",2,3,"https://dayalopticalsindia.com/products/carrera-338-s",18,9,7,0.25
"do-8864393494774","Carrera","CARRERA     1071/S","Sunglasses","sunglasses","Square/Aviator","men",8925,11900,25,"ON SALE","https://cdn.shopify.com/s/files/1/0608/8563/1222/files/Carrera-CARRERA-1071-S-2M2-9O.jpg?v=1728023707",1,3,"https://dayalopticalsindia.com/products/carrera-1071-s",18,9,7,0.25
"do-8864387694838","Carrera","CARRERA     1070/S","Sunglasses","sunglasses","Square","men",8925,11900,25,"ON SALE","https://cdn.shopify.com/s/files/1/0608/8563/1222/files/Carrera-CARRERA-1070-S-0NR-9K.jpg?v=1728021899",2,4,"https://dayalopticalsindia.com/products/carrera-1070-s",18,9,7,0.25
"do-8863745147126","Carrera","CARRERA   8908","Eyeglasses","eyeglasses","Round Optical","men",8700,11600,25,"ON SALE","https://cdn.shopify.com/s/files/1/0608/8563/1222/files/Carrera-CARRERA-8908-0NZ.jpg?v=1727957253",2,4,"https://dayalopticalsindia.com/products/carrera-8908",18,9,7,0.25
"do-8863727124726","Carrera","CARRERA   4418","Eyeglasses","eyeglasses","Round Optical","men",7275,9700,25,"ON SALE","https://cdn.shopify.com/s/files/1/0608/8563/1222/files/Carrera-CARRERA-4418-0UV.jpg?v=1727955609",3,4,"https://dayalopticalsindia.com/products/carrera-4418",18,9,7,0.25
"do-8863701795062","Carrera","CARRERA   4416","Eyeglasses","eyeglasses","Rectangle Optical","men",5850,7800,25,"ON SALE","https://cdn.shopify.com/s/files/1/0608/8563/1222/files/Carrera-CARRERA-4416-08A-_1.jpg?v=1727952995",2,3,"https://dayalopticalsindia.com/products/carrera-4416",18,9,7,0.25
"do-8863674138870","Carrera","CARRERA   344","Eyeglasses","eyeglasses","Rectangle Optical","men",7350,9800,25,"ON SALE","https://cdn.shopify.com/s/files/1/0608/8563/1222/files/Carrera-CARRERA-344-284.jpg?v=1727950957",4,5,"https://dayalopticalsindia.com/products/carrera-344",18,9,7,0.25
"do-8863625052406","Carrera","CARRERA   343","Eyeglasses","eyeglasses","Rectangle Optical","men",6900,9200,25,"ON SALE","https://cdn.shopify.com/s/files/1/0608/8563/1222/files/Carrera-CARRERA-343-0NR.jpg?v=1727949845",2,3,"https://dayalopticalsindia.com/products/carrera-343",18,9,7,0.25
"do-8835969450230","Vogue","VOGUE      5528","Eyeglasses","eyeglasses","Cat Eye Optical","women",5271,5990,12,"ON SALE","https://cdn.shopify.com/s/files/1/0608/8563/1222/files/vogue-vo-5528-3094-opal-red-8056597927338.webp?v=1725886552",4,8,"https://dayalopticalsindia.com/products/vogue-5528",18,9,7,0.25
"do-8257870135542","Ray-Ban","RAY BAN  0RB 4429","Sunglasses","sunglasses","Clubmaster","unisex",9981,11090,10,"ON SALE","https://cdn.shopify.com/s/files/1/0608/8563/1222/files/ray-ban-rb-4429-60131-black-on-gold-8056597938969.webp?v=1700566091",3,5,"https://dayalopticalsindia.com/products/ray-ban-0rb4229",18,9,7,0.25
"do-8801829650678","Ray-Ban","RAY  BAN  0RB 4355","Sunglasses","sunglasses","Aviator","unisex",9351,10390,10,"ON SALE","https://cdn.shopify.com/s/files/1/0608/8563/1222/files/ray-ban-rb-4355-vagabond-601b1-black-8056597467766.webp?v=1723634343",5,8,"https://dayalopticalsindia.com/products/ray-ban-0rb-4355",18,9,7,0.25
"do-8801683767542","Ray-Ban","RAY  BAN  0RB R0501S","Sunglasses","sunglasses","Wayfarer","unisex",12681,14090,10,"ON SALE","https://cdn.shopify.com/s/files/1/0608/8563/1222/files/ray-ban-rb-r0501s-boyfriend-reverse-6711ga-transparent-camel-brown-8056597919005.webp?v=1723622551",1,1,"https://dayalopticalsindia.com/products/ray-ban-0rb-r0501s",18,9,7,0.25
"do-8800747618550","Ray-Ban","RAY  BAN  0RB R0102S","Sunglasses","sunglasses","Square","unisex",12951,14390,10,"ON SALE","https://cdn.shopify.com/s/files/1/0608/8563/1222/files/ray-ban-rb-r0102s-caravan-reverse-001vr-gold-8056597918572.webp?v=1723621486",5,9,"https://dayalopticalsindia.com/products/ray-ban-0rb-r0102s",18,9,7,0.25
"do-8800711934198","Ray-Ban","RAY  BAN  0RB 4435","Sunglasses","sunglasses","Rectangle","unisex",9891,10990,10,"ON SALE","https://cdn.shopify.com/s/files/1/0608/8563/1222/files/ray-ban-rb-4435-6615b1-transparent-green-8056262031391.webp?v=1723617947",4,6,"https://dayalopticalsindia.com/products/ray-ban-0rb-4435",18,9,7,0.25
"do-8800213762294","Ray-Ban","RAY  BAN  0RB 3825","Sunglasses","sunglasses","Aviator","unisex",10611,11790,10,"ON SALE","https://cdn.shopify.com/s/files/1/0608/8563/1222/files/ray-ban-rb-3825-old-aviator-00131-gold-8056262039953.webp?v=1723547330",4,14,"https://dayalopticalsindia.com/products/ray-ban-0rb-3825",18,9,7,0.25
"do-8800182501622","Ray-Ban","RAY  BAN  0RB 3736","Sunglasses","sunglasses","Geometric","unisex",12951,14390,10,"ON SALE","https://cdn.shopify.com/s/files/1/0608/8563/1222/files/ray-ban-rb-3736-00271-black-8056262040959.webp?v=1723545095",3,4,"https://dayalopticalsindia.com/products/ray-ban-0rb-3736",18,9,7,0.25
"do-8800155107574","Ray-Ban","RAY  BAN   0RX 5598","Eyeglasses","eyeglasses","Round Optical","unisex",8901,9890,10,"ON SALE","https://cdn.shopify.com/s/files/1/0608/8563/1222/files/ray-ban-rx-5598-eagleeye-2012-havana-8056597827430.webp?v=1723542522",3,3,"https://dayalopticalsindia.com/products/ray-ban-0rx-5598",18,9,7,0.25
"do-8798179655926","Ray-Ban","RAY  BAN  0RB 3735","Sunglasses","sunglasses","Square","unisex",11511,12790,10,"ON SALE","https://cdn.shopify.com/s/files/1/0608/8563/1222/files/ray-ban-rb-3735-bain-bridge-00131-gold-8056262043394.webp?v=1723293185",4,14,"https://dayalopticalsindia.com/products/ray-ban-0rb-3735",18,9,7,0.25
"do-8798167957750","Ray-Ban","RAY  BAN  0RB 3733","Sunglasses","sunglasses","Aviator","unisex",9891,10990,10,"ON SALE","https://cdn.shopify.com/s/files/1/0608/8563/1222/files/ray-ban-rb-3733-00131-gold-8056262030660.webp?v=1723291960",2,4,"https://dayalopticalsindia.com/products/ray-ban-0rb-3733",18,9,7,0.25
"do-8798147543286","Ray-Ban","RAY  BAN  0RB 3731","Sunglasses","sunglasses","Geometric","unisex",8901,9890,10,"ON SALE","https://cdn.shopify.com/s/files/1/0608/8563/1222/files/ray-ban-rb-3731-anh-0041a-gunmetal-8056262017067.webp?v=1723289852",2,4,"https://dayalopticalsindia.com/products/ray-ban-0rb-3731",18,9,7,0.25
"do-8798135124214","Ray-Ban","RAY  BAN  0RB 3730","Sunglasses","sunglasses","Geometric","unisex",8901,9890,10,"ON SALE","https://cdn.shopify.com/s/files/1/0608/8563/1222/files/ray-ban-rb-3730-xime-0041a-gunmetal-8056262017210.webp?v=1723288566",2,3,"https://dayalopticalsindia.com/products/ray-ban-0rb-3730",18,9,7,0.25
"do-8798089609462","Ray-Ban","RAY  BAN  0RB 2197","Sunglasses","sunglasses","Wayfarer","unisex",12591,13990,10,"ON SALE","https://cdn.shopify.com/s/files/1/0608/8563/1222/files/ray-ban-rb-2197-elliot-135757-havana-brown-grey-8056597625876.webp?v=1723283711",1,1,"https://dayalopticalsindia.com/products/ray-ban-0rb-2197",18,9,7,0.25
"do-8798064607478","Ray-Ban","RAY  BAN  0RB 2185","Sunglasses","sunglasses","Wayfarer/Square","unisex",10431,11590,10,"ON SALE","https://cdn.shopify.com/s/files/1/0608/8563/1222/files/ray-ban-rb-2185-1248ac-yellow-havana-image-a.webp?v=1723278020",3,3,"https://dayalopticalsindia.com/products/ray-ban-0rb-2185",18,9,7,0.25
"do-8798056579318","Ray-Ban","RAY  BAN  0RB 0360S","Sunglasses","sunglasses","Square","unisex",12951,14390,10,"ON SALE","https://cdn.shopify.com/s/files/1/0608/8563/1222/files/ray-ban-rb-0360s-drifter-140371-striped-brown-8056262031209.webp?v=1723275953",5,6,"https://dayalopticalsindia.com/products/ray-ban-0rb-0360s",18,9,7,0.25
"do-8798041735414","Ray-Ban","RAY  BAN  0RB 3728","Sunglasses","sunglasses","Hexagon","unisex",9621,10690,10,"ON SALE","https://cdn.shopify.com/s/files/1/0608/8563/1222/files/ray-ban-rb-3728-yevi-00380-silver-8056262016978.webp?v=1723269892",3,8,"https://dayalopticalsindia.com/products/ray-ban-0rb-3728",18,9,7,0.25
"do-8793249579254","Ray-Ban","RAY  BAN  0RB 4298","Sunglasses","sunglasses","Aviator","unisex",9081,10090,10,"ON SALE","https://cdn.shopify.com/s/files/1/0608/8563/1222/files/ray-ban-rb-4298-60171-black-8053672866216.webp?v=1723014011",3,5,"https://dayalopticalsindia.com/products/ray-ban-0rb-4298",18,9,7,0.25
"do-8789095842038","Ray-Ban","RAY BAN 0RX  8765","Eyeglasses","eyeglasses","Geometric Optical","unisex",9351,10390,10,"ON SALE","https://cdn.shopify.com/s/files/1/0608/8563/1222/files/ray-ban-vista-rx-8765-1000-gunmetal-8056597245173.webp?v=1722685365",3,5,"https://dayalopticalsindia.com/products/ray-ban-0rx-8765",18,9,7,0.25
"do-8778987340022","Ray-Ban","RAY BAN 0RB 2132","Sunglasses","sunglasses","Rectangle","unisex",12501,13890,10,"ON SALE","https://cdn.shopify.com/s/files/1/0608/8563/1222/files/164928_side_2_1599492686673.webp?v=1722076930",5,12,"https://dayalopticalsindia.com/products/ray-ban-0rb-2132",18,9,7,0.25
"do-8788856242422","Ray-Ban","RAY  BAN   0RX 7216","Eyeglasses","eyeglasses","Wayfarer/Square optical","unisex",8901,9890,10,"ON SALE","https://cdn.shopify.com/s/files/1/0608/8563/1222/files/ray-ban-rx-7216-new-clubmaster-2000-black-on-silver-8056597725422.webp?v=1722669601",6,8,"https://dayalopticalsindia.com/products/ray-ban-0rx-7216",18,9,7,0.25
"do-8787415138550","Ray-Ban","RAY BAN  0RX 7213M","Eyeglasses","eyeglasses","Wayfarer/Square optical","unisex",12051,13390,10,"ON SALE","https://cdn.shopify.com/s/files/1/0608/8563/1222/files/ray-ban-rx-7213m-f604-blue-8056597762267.webp?v=1722596908",4,6,"https://dayalopticalsindia.com/products/ray-ban-0rx-7213m",18,9,7,0.25
"do-8787363692790","Ray-Ban","RAY  BAN   0RX 7142","Eyeglasses","eyeglasses","Wayfarer/Square optical","men",6831,7590,10,"ON SALE","https://cdn.shopify.com/s/files/1/0608/8563/1222/files/ray-ban-vista-rx-7142-2000-black-8053672824124.webp?v=1722594897",3,3,"https://dayalopticalsindia.com/products/ray-ban-0rx-7142",18,9,7,0.25
"do-8787322241270","Ray-Ban","RAY  BAN   0RX 6485","Eyeglasses","eyeglasses","Wayfarer/Square optical","unisex",7551,8390,10,"ON SALE","https://cdn.shopify.com/s/files/1/0608/8563/1222/files/ray-ban-rx-6485-2502-gunmetal-8056597721141-800x800w_1.webp?v=1722592885",3,8,"https://dayalopticalsindia.com/products/ray-ban-0rx-6485",18,9,7,0.25
"do-8786215108854","Ray-Ban","RAY  BAN  0RB 4433M","Sunglasses","sunglasses","Wayfarer","unisex",17271,19190,10,"ON SALE","https://cdn.shopify.com/s/files/1/0608/8563/1222/files/683777_1719367717386.webp?v=1722517634",1,1,"https://dayalopticalsindia.com/products/ray-ban-0rb-4433m",18,9,7,0.25
"do-8786203836662","Ray-Ban","RAY  BAN  0RB 8096","Sunglasses","sunglasses","Square","unisex",26001,28890,10,"ON SALE","https://cdn.shopify.com/s/files/1/0608/8563/1222/files/ray-ban-rb-8096-michael-titanium-9209r5-silver-8056597984829.webp?v=1722517044",4,4,"https://dayalopticalsindia.com/products/ray-ban-0rb-8096",18,9,7,0.25
"do-8786140725494","Ray-Ban","RAY  BAN  0RB 4427","Sunglasses","sunglasses","Geometric","unisex",8901,9890,10,"ON SALE","https://cdn.shopify.com/s/files/1/0608/8563/1222/files/ray-ban-rb-4427-kat-667787-black-8056262014479.webp?v=1722509590",2,4,"https://dayalopticalsindia.com/products/ray-ban-0rb-4427",18,9,7,0.25
"do-8782172389622","Ray-Ban","RAY BAN  0RB  4171","Sunglasses","sunglasses","Round","unisex",8001,8890,10,"ON SALE","https://cdn.shopify.com/s/files/1/0608/8563/1222/files/ray-ban-rb-4171-631930-erika-grigio-specchio-grigio-image-a.webp?v=1722505988",3,4,"https://dayalopticalsindia.com/products/ray-ban-0rb-4171",18,9,7,0.25
"do-8782121992438","Ray-Ban","RAY  BAN  0RB 3794M","Sunglasses","sunglasses","Hexagon","unisex",19971,22190,10,"ON SALE","https://cdn.shopify.com/s/files/1/0608/8563/1222/files/ray-ban-rb-3794m-f001h2-gunmetal-8056262012093.webp?v=1722320802",3,5,"https://dayalopticalsindia.com/products/ray-ban-0rb-3794m",18,9,7,0.25
"do-8781023150326","Ray-Ban","RAY  BAN  0RB R0502S","Sunglasses","sunglasses","Wayfarer","unisex",11961,13290,10,"ON SALE","https://cdn.shopify.com/s/files/1/0608/8563/1222/files/ray-ban-rb-r0502s-wayfarer-reverse-66772-black-8056262095249.webp?v=1722257768",3,9,"https://dayalopticalsindia.com/products/ray-ban-0rb-r0502s",18,9,7,0.25
"do-8780969312502","Ray-Ban","RAY BAN   0RB 3741","Sunglasses","sunglasses","Rectangle","unisex",8451,9390,10,"ON SALE","https://cdn.shopify.com/s/files/1/0608/8563/1222/files/ray-ban-rb-3741-emy-00380-silver-8056262016855.webp?v=1722255727",3,8,"https://dayalopticalsindia.com/products/ray-ban-0rb-3741",18,9,7,0.25
"do-8780870811894","Ray-Ban","RAY BAN   0RB 3737","Sunglasses","sunglasses","Geometric","unisex",12951,14390,10,"ON SALE","https://cdn.shopify.com/s/files/1/0608/8563/1222/files/ray-ban-rb-3737-00271-black-8056262041888.webp?v=1722252111",3,4,"https://dayalopticalsindia.com/products/ray-ban-0rb-3737",18,9,7,0.25
"do-8780757565686","Ray-Ban","RAY BAN   0RB 3734","Sunglasses","sunglasses","Round","unisex",9891,10990,10,"ON SALE","https://cdn.shopify.com/s/files/1/0608/8563/1222/files/ray-ban-rb-3734-00131-gold-8056262041086.webp?v=1722248921",1,4,"https://dayalopticalsindia.com/products/ray-ban-0rb-3734",18,9,7,0.25
"do-8780701663478","Ray-Ban","RAY BAN   0RB 3732","Sunglasses","sunglasses","Round","unisex",9891,10990,10,"ON SALE","https://cdn.shopify.com/s/files/1/0608/8563/1222/files/ray-ban-rb-3732-002b1-black-8056262042267.webp?v=1722246661",2,2,"https://dayalopticalsindia.com/products/ray-ban-0rb-3732",18,9,7,0.25
"do-8780589531382","Ray-Ban","RAY  BAN  0RB 2448N","Sunglasses","sunglasses","Square","unisex",9081,10090,10,"ON SALE","https://cdn.shopify.com/s/files/1/0608/8563/1222/files/ray-ban-rb-2448n-62547o-blu-trasparente-image-a.webp?v=1722238759",1,1,"https://dayalopticalsindia.com/products/ray-ban-0rb-2448n",18,9,7,0.25
"do-8779112349942","Ray-Ban","RAY BAN 0RB 2241","Sunglasses","sunglasses","Cat Eye","men",12231,13590,10,"ON SALE","https://cdn.shopify.com/s/files/1/0608/8563/1222/files/ray-ban-wayfarer-way-rb-2241-13323f-hd-1.webp?v=1722082514",2,6,"https://dayalopticalsindia.com/products/ray-ban-0rb-2141",18,9,7,0.25
"do-8778784145654","Ray-Ban","RAY  BAN  0RB 0101S","Sunglasses","sunglasses","Aviator","unisex",11421,12690,10,"ON SALE","https://cdn.shopify.com/s/files/1/0608/8563/1222/files/ray-ban-aviator-reverse-rb-r0101s-00169-hd-1.webp?v=1722063176",3,4,"https://dayalopticalsindia.com/products/ray-ban-0rb-0101s",18,9,7,0.25
"do-8777822634230","Ray-Ban","RAY  BAN   0RX 7218","Eyeglasses","eyeglasses","Rectangle Optical","unisex",7191,7990,10,"ON SALE","https://cdn.shopify.com/s/files/1/0608/8563/1222/files/ray-ban-rx-7218-kristin-8260-black-8056597842815.webp?v=1721997368",4,6,"https://dayalopticalsindia.com/products/ray-ban-0rx-7218",18,9,7,0.25
"do-8324570939638","Ray-Ban","RAY BAN    0RX 6511","Eyeglasses","eyeglasses","Round Optical","unisex",9441,10490,10,"ON SALE","https://cdn.shopify.com/s/files/1/0608/8563/1222/files/ray-ban-rx-6511-2500-gold-8056597937863.webp?v=1704093986",4,10,"https://dayalopticalsindia.com/products/ray-ban-0rx-6511",18,9,7,0.25
"do-8777504784630","Ray-Ban","RAY  BAN   0RX 6494","Eyeglasses","eyeglasses","Wayfarer/Square optical","unisex",9441,10490,10,"ON SALE","https://cdn.shopify.com/s/files/1/0608/8563/1222/files/ray-ban-rx-6494-2861-black-on-silver-8056597840705.webp?v=1721980540",3,4,"https://dayalopticalsindia.com/products/ray-ban-0rx-6494",18,9,7,0.25
"do-8777370534134","Ray-Ban","RAY  BAN   0RX 0880","Eyeglasses","eyeglasses","Wayfarer/Square optical","unisex",8451,9390,10,"ON SALE","https://cdn.shopify.com/s/files/1/0608/8563/1222/files/ray-ban-vista-rx-0880-2000-black-8056597245531.webp?v=1721977154",2,3,"https://dayalopticalsindia.com/products/ray-ban-0rx-0880",18,9,7,0.25
"do-8774472728822","Ray-Ban","RAY BAN  JUNIOR    0RJ 1632","Eyeglasses","eyeglasses","Round Optical","unisex",4090,4090,0,"JUNIOR COLLECTION","https://cdn.shopify.com/s/files/1/0608/8563/1222/files/ray-ban-junior-ry-1632-3928-black-on-red-8056262047590.webp?v=1721803901",3,6,"https://dayalopticalsindia.com/products/ray-ban-junior-0rj-1632",18,9,7,0.25
"do-8752243671286","Bausch & Lomb","Ultra One Day","Contact Lenses","contact-lenses","Spherical","unisex",3420,3600,5,"DAILY","https://cdn.shopify.com/s/files/1/0608/8563/1222/files/WhatsAppImage2024-07-08at11.24.27AM.jpg?v=1720420759",1,1,"https://dayalopticalsindia.com/products/ultra-one-day",15,10,4,0.08
"do-8747345871094","Bausch & Lomb","Bausch And Lomb Ultra","Contact Lenses","contact-lenses","Spherical","unisex",4180,4400,5,"MONTHLY REPLACEMENT","https://cdn.shopify.com/s/files/1/0608/8563/1222/files/WhatsAppImage2024-07-06at1.38.29PM.jpg?v=1720253954",1,1,"https://dayalopticalsindia.com/products/bausch-and-lomb-ultra",15,10,4,0.08
"do-8731286864118","Bausch & Lomb","SofLens Toric","Contact Lenses","contact-lenses","Toric (Astigmatism)","unisex",2328,2450,5,"MONTHLY DISPOSABLE","https://cdn.shopify.com/s/files/1/0608/8563/1222/files/ts.webp?v=1719991137",1,1,"https://dayalopticalsindia.com/products/soflens-toric",15,10,4,0.08
"do-8731108835574","Bausch & Lomb","SOFLENS 59","Contact Lenses","contact-lenses","Spherical","unisex",1563,1645,5,"MONTHLY DISPOSABLE","https://cdn.shopify.com/s/files/1/0608/8563/1222/files/SOF.jpg?v=1720175668",1,1,"https://dayalopticalsindia.com/products/soflens-59",15,10,4,0.08
"do-8459316396278","Cooper Vision","Aspire Pro Torics","Contact Lenses","contact-lenses","Toric (Astigmatism)","unisex",1705,1795,5,"MONTHLY DISPOSABLE","https://cdn.shopify.com/s/files/1/0608/8563/1222/files/AspireProToricsMonthlyDisposablea.webp?v=1712125485",1,1,"https://dayalopticalsindia.com/products/aspire-pro-torics",15,10,4,0.08
"do-8459312201974","Cooper Vision","ASPIRE PRO","Contact Lenses","contact-lenses","Spherical","unisex",3111,3275,5,"MONTHLY DISPOSABLE","https://cdn.shopify.com/s/files/1/0608/8563/1222/files/Biofinity_NowAspirePro.webp?v=1712124471",1,1,"https://dayalopticalsindia.com/products/aspire-pro",15,10,4,0.08
"do-8458006823158","Cooper Vision","BIOFINITY XR TORIC","Contact Lenses","contact-lenses","Toric (Astigmatism)","unisex",3468,3650,5,"MONTHLY DISPOSABLE","https://cdn.shopify.com/s/files/1/0608/8563/1222/files/xrtoric.jpg?v=1712121185",1,1,"https://dayalopticalsindia.com/products/biofinity-xr-toric",15,10,4,0.08
"do-8457406644470","Cooper Vision","Biofinity XR","Contact Lenses","contact-lenses","Spherical","unisex",3225,3395,5,"MONTHLY DISPOSABLE","https://cdn.shopify.com/s/files/1/0608/8563/1222/files/ComfilconA_de39a919-0c5b-47c5-a544-3f9988e28212.webp?v=1719900845",1,1,"https://dayalopticalsindia.com/products/biofinity-xr",15,10,4,0.08
"do-8457297887478","Cooper Vision","ASPIRE GO MAX 1 DAY MULTIFOCAL","Contact Lenses","contact-lenses","Multifocal (Presbyopia)","unisex",3558,3745,5,"DAILY DISPOSABLE","https://cdn.shopify.com/s/files/1/0608/8563/1222/files/ASPIREGOMAX1DAYMULTIFOCALA.webp?v=1712060470",1,1,"https://dayalopticalsindia.com/products/aspire-go-max-1-day-multifocal",15,10,4,0.08
"do-8456105623798","Cooper Vision","MyDay Daily","Contact Lenses","contact-lenses","Spherical","unisex",3083,3245,5,"DAILY DISPOSABLE","https://cdn.shopify.com/s/files/1/0608/8563/1222/files/CooperVisionD.webp?v=1712051319",1,1,"https://dayalopticalsindia.com/products/myday-daily",15,10,4,0.08
"do-8456157069558","Cooper Vision","ASPIRE GO MAX 1 DAY","Contact Lenses","contact-lenses","Spherical","unisex",2256,2375,5,"DAILY DISPOSABLE","https://cdn.shopify.com/s/files/1/0608/8563/1222/files/ASPIREGOMAX1DAY1.webp?v=1712058504",1,1,"https://dayalopticalsindia.com/products/aspire-go-max-1-day",15,10,4,0.08
"do-7768807932150","Ray-Ban","RAY BAN  0RB 3447I","Sunglasses","sunglasses","Round","men",7821,8690,10,"ON SALE","https://cdn.shopify.com/s/files/1/0608/8563/1222/files/0RB3447I__001_030A_1024x1024_b858589b-0ec1-40a8-96d4-86ff126e2524.webp?v=1701856120",3,3,"https://dayalopticalsindia.com/products/ray-ban-224",18,9,7,0.25
"do-8401019338998","Carrera","CARRERA     1062/S","Sunglasses","sunglasses","Square/Aviator","unisex",8550,11400,25,"ON SALE","https://cdn.shopify.com/s/files/1/0608/8563/1222/files/carrera-1062s-2m2-08-black-gold-716736851426.webp?v=1709816267",2,5,"https://dayalopticalsindia.com/products/carrera-1062-s",18,9,7,0.25
"do-8400909172982","Carrera","CARRERA     1061/S","Sunglasses","sunglasses","Square","unisex",9000,12000,25,"ON SALE","https://cdn.shopify.com/s/files/1/0608/8563/1222/files/carrera-1061s-08a-m9-black-grey-716736854601.webp?v=1709812649",2,4,"https://dayalopticalsindia.com/products/carrera-1061-s",18,9,7,0.25
"do-8399643738358","Carrera","CARRERA     318/S","Sunglasses","sunglasses","Aviator","men",7800,10400,25,"ON SALE","https://cdn.shopify.com/s/files/1/0608/8563/1222/files/CARRERA_318A_I469O_60_45_800x_5e1c4128-5a31-4944-9570-557ce4adcfb4.webp?v=1709797566",2,3,"https://dayalopticalsindia.com/products/carrera-318-s",18,9,7,0.25
"do-8399615426806","Carrera","CARRERA     317/S","Sunglasses","sunglasses","Square","men",6600,8800,25,"ON SALE","https://cdn.shopify.com/s/files/1/0608/8563/1222/files/653578_1697506158927.webp?v=1709795343",2,4,"https://dayalopticalsindia.com/products/carrera-317-s",18,9,7,0.25
"do-8399596159222","Carrera","CARRERA     315/S","Sunglasses","sunglasses","Aviator","unisex",8925,11900,25,"ON SALE","https://cdn.shopify.com/s/files/1/0608/8563/1222/files/carrera-315s-807-q3-black-716736857145.webp?v=1709793867",2,2,"https://dayalopticalsindia.com/products/carrera-315-s",18,9,7,0.25
"do-8399568142582","Carrera","CARRERA     316/S","Sunglasses","sunglasses","Square","men",8550,11400,25,"ON SALE","https://cdn.shopify.com/s/files/1/0608/8563/1222/files/carrera-316s-807-m9-black-716736857282.webp?v=1709792328",4,4,"https://dayalopticalsindia.com/products/carrera-316-s",18,9,7,0.25
"do-8398055014646","Carrera","CARRERA     1017","Sunglasses","sunglasses","Aviator","men",6300,8400,25,"ON SALE","https://cdn.shopify.com/s/files/1/0608/8563/1222/files/61N074edzmL._SX679.jpg?v=1709725136",1,2,"https://dayalopticalsindia.com/products/carrera-1017",18,9,7,0.25
"do-8397806993654","Carrera","CARRERA     1013","Sunglasses","sunglasses","Aviator","unisex",5925,7900,25,"ON SALE","https://cdn.shopify.com/s/files/1/0608/8563/1222/files/carrera-1013s-001-86-yellow-gold.webp?v=1709718430",2,4,"https://dayalopticalsindia.com/products/carrera-1013",18,9,7,0.25
"do-8397642236150","Carrera","CARRERA   8899","Eyeglasses","eyeglasses","Rectangle Optical","men",6825,9100,25,"ON SALE","https://cdn.shopify.com/s/files/1/0608/8563/1222/files/carrera-8899-fll-matte-blue-716736848945.webp?v=1709707591",2,3,"https://dayalopticalsindia.com/products/carrera-8899",18,9,7,0.25
"do-8394706518262","Carrera","CARRERA   8897","Eyeglasses","eyeglasses","Square Optical","men",8025,10700,25,"ON SALE","https://cdn.shopify.com/s/files/1/0608/8563/1222/files/carrera-8897-086-havana-716736857510.webp?v=1709638635",4,5,"https://dayalopticalsindia.com/products/carrera-8897",18,9,7,0.25
"do-8394683449590","Carrera","CARRERA   8896","Eyeglasses","eyeglasses","Rectangle Optical","men",8400,11200,25,"ON SALE","https://cdn.shopify.com/s/files/1/0608/8563/1222/files/carrera-8896-blx-matte-black-red-716736857473.webp?v=1709635337",1,2,"https://dayalopticalsindia.com/products/carrera-8896",18,9,7,0.25
"do-8394658873590","Carrera","CARRERA   8895","Eyeglasses","eyeglasses","Rectangle Optical","men",8775,11700,25,"ON SALE","https://cdn.shopify.com/s/files/1/0608/8563/1222/files/carrera-8895-aoz-matte-gold-716736857435.webp?v=1709633766",3,4,"https://dayalopticalsindia.com/products/carrera-8895",18,9,7,0.25
"do-8394649239798","Carrera","CARRERA   8893","Eyeglasses","eyeglasses","Rectangle Optical","men",6825,9100,25,"ON SALE","https://cdn.shopify.com/s/files/1/0608/8563/1222/files/carrera-8893-08a-black-grey-716736849089.webp?v=1709632268",1,4,"https://dayalopticalsindia.com/products/carrera-8893",18,9,7,0.25
"do-8394537435382","Carrera","CARRERA   8881","Eyeglasses","eyeglasses","Wayfarer Optical","men",5400,7200,25,"ON SALE","https://cdn.shopify.com/s/files/1/0608/8563/1222/files/carrera-carrera-8881-003-matte-black-827886058853.webp?v=1709627019",4,5,"https://dayalopticalsindia.com/products/carrera-8881",18,9,7,0.25
"do-8394508828918","Carrera","CARRERA   8876","Eyeglasses","eyeglasses","Round Optical","unisex",8789,11719,25,"ON SALE","https://cdn.shopify.com/s/files/1/0608/8563/1222/files/carrera-carrera-8876-003-matte-black-827886037896.webp?v=1709624804",2,2,"https://dayalopticalsindia.com/products/carrera-8876",18,9,7,0.25
"do-8394418323702","Carrera","CARRERA   8868","Eyeglasses","eyeglasses","Wayfarer Optical","men",7200,9600,25,"ON SALE","https://cdn.shopify.com/s/files/1/0608/8563/1222/files/carrera-carrera-8868-003-matte-black-716736701431.webp?v=1709621000",3,4,"https://dayalopticalsindia.com/products/carrera-8868",18,9,7,0.25
"do-8390150947062","Carrera","CARRERA   323","Eyeglasses","eyeglasses","Hexagon Optical","women",6469,8625,25,"ON SALE","https://cdn.shopify.com/s/files/1/0608/8563/1222/files/653598_1697506158934.webp?v=1709557144",3,4,"https://dayalopticalsindia.com/products/carrera-323",18,9,7,0.25
"do-8389946540278","Carrera","CARRERA   322","Eyeglasses","eyeglasses","Round Optical","men",6469,8625,25,"ON SALE","https://cdn.shopify.com/s/files/1/0608/8563/1222/files/carrera-322-09q-brown-716736857015.webp?v=1709556680",2,3,"https://dayalopticalsindia.com/products/carrera-322",18,9,7,0.25
"do-8389760909558","Carrera","CARRERA   321","Eyeglasses","eyeglasses","Square Optical","men",6469,8625,25,"ON SALE","https://cdn.shopify.com/s/files/1/0608/8563/1222/files/carrera-321-807-black-716736849201.webp?v=1709553699",4,5,"https://dayalopticalsindia.com/products/carrera-321",18,9,7,0.25
"do-8389738987766","Carrera","CARRERA   320","Eyeglasses","eyeglasses","Square Optical","unisex",6450,8600,25,"ON SALE","https://cdn.shopify.com/s/files/1/0608/8563/1222/files/carrera-320-08a-black-grey-716736857602.webp?v=1709552525",3,4,"https://dayalopticalsindia.com/products/carrera-320",18,9,7,0.25
"do-8386501148918","Carrera","CARRERA   319","Eyeglasses","eyeglasses","Wayfarer/Square optical","men",6469,8625,25,"ON SALE","https://cdn.shopify.com/s/files/1/0608/8563/1222/files/carrera-319-003-matte-black-716736857381.webp?v=1709382023",4,5,"https://dayalopticalsindia.com/products/carrera-319",18,9,7,0.25
"do-8386465366262","Carrera","CARRERA   310","Eyeglasses","eyeglasses","Round Optical","unisex",6117,8156,25,"ON SALE","https://cdn.shopify.com/s/files/1/0608/8563/1222/files/106968008600_P00.jpg?v=1709377247",4,4,"https://dayalopticalsindia.com/products/carrera-310",18,9,7,0.25
"do-8386444034294","Carrera","CARRERA   309","Eyeglasses","eyeglasses","Square Optical","men",6525,8700,25,"ON SALE","https://cdn.shopify.com/s/files/1/0608/8563/1222/files/106967008600_P00.jpg?v=1709373656",3,4,"https://dayalopticalsindia.com/products/carrera-309",18,9,7,0.25
"do-8386353627382","Carrera","CARRERA   283","Eyeglasses","eyeglasses","Square Optical","men",6375,8500,25,"ON SALE","https://cdn.shopify.com/s/files/1/0608/8563/1222/files/carrera-carrera-283-003-matte-black-716736708065.webp?v=1709362889",3,4,"https://dayalopticalsindia.com/products/carrera-283",18,9,7,0.25
"do-8385983578358","Carrera","CARRERA   1136","Eyeglasses","eyeglasses","Wayfarer Optical","men",7275,9700,25,"ON SALE","https://cdn.shopify.com/s/files/1/0608/8563/1222/files/carrera-1136-003-matte-black-716736857091.webp?v=1709358456",2,4,"https://dayalopticalsindia.com/products/carrera-1136",18,9,7,0.25
"do-8385681850614","Carrera","CARRERA 1134","Eyeglasses","eyeglasses","Squared Aviator","men",7650,10200,25,"ON SALE","https://cdn.shopify.com/s/files/1/0608/8563/1222/files/carrera-1134-003-matte-black-716736857053.webp?v=1709357127",3,4,"https://dayalopticalsindia.com/products/carrera-1134",18,9,7,0.25
"do-8380236038390","Vogue","VOGUE      5522","Eyeglasses","eyeglasses","Geometric Optical","women",5887,6690,12,"ON SALE","https://cdn.shopify.com/s/files/1/0608/8563/1222/files/vogue-vo-5522-2386-top-dark-havanalight-brown-8056597933971-800x800w_80d98d44-d4f5-4f81-a879-716557607d6c.webp?v=1719901102",4,7,"https://dayalopticalsindia.com/products/vogue-5522",18,9,7,0.25
"do-8380095791350","Vogue","VOGUE      5523","Eyeglasses","eyeglasses","Cat Eye Optical","women",4777,5428,12,"ON SALE","https://cdn.shopify.com/s/files/1/0608/8563/1222/files/vogue-vo-5523-3087-blue-havana-8056597927208-800x800w_e1513d47-19fb-4926-9ea2-41885df08888.webp?v=1719901110",2,12,"https://dayalopticalsindia.com/products/vogue-5530",18,9,7,0.25
"do-8380071149814","Vogue","VOGUE      5529","Eyeglasses","eyeglasses","Wayfarer/Square optical","unisex",5799,6590,12,"ON SALE","https://cdn.shopify.com/s/files/1/0608/8563/1222/files/vogue-vo-5529-2319-full-dark-blue-8056597931236.webp?v=1709186979",4,5,"https://dayalopticalsindia.com/products/vogue-5529",18,9,7,0.25
"do-8378838712566","Vogue","VOGUE      5532","Eyeglasses","eyeglasses","Wayfarer/Square optical","unisex",4777,5428,12,"ON SALE","https://cdn.shopify.com/s/files/1/0608/8563/1222/files/vogue-vo-5532-3109-transparent-dark-grey-8056597931458-800x800w_3f483800-fcf3-41ce-9d1c-45caa10fb237.webp?v=1719901121",5,10,"https://dayalopticalsindia.com/products/vogue-5532",18,9,7,0.25
"do-7970544451830","Vogue","VOGUE      5378","Eyeglasses","eyeglasses","Wayfarer/Square optical","women",4859,5522,12,"ON SALE","https://cdn.shopify.com/s/files/1/0608/8563/1222/files/vogue-vo-5378-2386-top-havanabrown-8056597419024.webp?v=1709118721",4,12,"https://dayalopticalsindia.com/products/vogue-94",18,9,7,0.25
"do-8377269846262","Vogue","VOGUE      5447","Eyeglasses","eyeglasses","Geometric Optical","women",4199,4772,12,"ON SALE","https://cdn.shopify.com/s/files/1/0608/8563/1222/files/vogue-vo-5447-3003-opal-green-8056597681322-800x800w_a4948566-f313-480f-8345-7ee083d15df4.webp?v=1719901190",3,4,"https://dayalopticalsindia.com/products/vogue-5447",18,9,7,0.25
"do-8361398305014","Vogue","VOGUE  JUNIOR   0VJ 2001","Eyeglasses","eyeglasses","Rectangle Optical","unisex",3366,3366,0,"LUXURY ATELIER","https://cdn.shopify.com/s/files/1/0608/8563/1222/files/vogue-junior-vista-vy-2001-2587-top-violetfuxia-8056597266550.webp?v=1707552016",1,1,"https://dayalopticalsindia.com/products/vogue-junior-2001",18,9,7,0.25
"do-8305850155254","Ray-Ban","RAY BAN JUNIOR 1601","Eyeglasses","eyeglasses","Wayfarer/Square optical","unisex",3790,3790,0,"JUNIOR COLLECTION","https://cdn.shopify.com/s/files/1/0608/8563/1222/files/RAYBAN_1601_3813_46_30_800x_c408ad28-c9b4-4225-b9bb-c5261283418b.webp?v=1704714543",3,5,"https://dayalopticalsindia.com/products/ray-ban-junior-3",18,9,7,0.25
"do-8305850122486","Ray-Ban","RAY BAN JUNIOR 1586","Eyeglasses","eyeglasses","Wayfarer/Square optical","unisex",4590,4590,0,"JUNIOR COLLECTION","https://cdn.shopify.com/s/files/1/0608/8563/1222/files/ray-ban-junior-vista-ry-1586-3774-transparent-grey-8053672971958.webp?v=1704364978",6,12,"https://dayalopticalsindia.com/products/ray-ban-junior-2",18,9,7,0.25
"do-7751580319990","Ray-Ban","RAY BAN JUNIOR   0RY 1536","Eyeglasses","eyeglasses","Wayfarer/Square optical","unisex",5090,5090,0,"JUNIOR COLLECTION","https://cdn.shopify.com/s/files/1/0608/8563/1222/files/ray-ban-junior-vista-ry-1536-3529-black-on-transparent-8053672225235.webp?v=1704710945",3,4,"https://dayalopticalsindia.com/products/ray-ban-17",18,9,7,0.25
"do-7751580287222","Ray-Ban","RAY BAN JUNUIOR    0RY 1535","Eyeglasses","eyeglasses","Rectangle Optical","unisex",5690,5690,0,"JUNIOR COLLECTION","https://cdn.shopify.com/s/files/1/0608/8563/1222/files/ray-ban-rj-junior-1530-3664-rosso-fluo-image-a-800x800w_cb548015-137d-4707-a75e-4c7c7bbf6946.webp?v=1704710132",1,1,"https://dayalopticalsindia.com/products/ray-ban-16",18,9,7,0.25
"do-7751580123382","Ray-Ban","RAY BAN JUNIOR    0RY 1089","Eyeglasses","eyeglasses","Aviator Optical","unisex",3790,3790,0,"JUNIOR COLLECTION","https://cdn.shopify.com/s/files/1/0608/8563/1222/files/ray-ban-junior-vista-ry-1089-junior-aviator-4064-black-on-silver-8056597013970.webp?v=1704708054",1,3,"https://dayalopticalsindia.com/products/ray-ban-11",18,9,7,0.25
"do-7751580090614","Ray-Ban","RAY BAN JUNIOR    0RY 1056","Eyeglasses","eyeglasses","Wayfarer/Square optical","unisex",4090,4090,0,"JUNIOR COLLECTION","https://cdn.shopify.com/s/files/1/0608/8563/1222/files/ray-ban-junior-vista-ry-1056-4064-silver-on-black-8056597436687.webp?v=1704701822",2,4,"https://dayalopticalsindia.com/products/ray-ban-10",18,9,7,0.25
"do-8324579066102","Ray-Ban","RAY BAN    0RX 7228","Eyeglasses","eyeglasses","Wayfarer/Square optical","unisex",7551,8390,10,"ON SALE","https://cdn.shopify.com/s/files/1/0608/8563/1222/files/ray-ban-rx-7228-2000-black-8056597937597.webp?v=1704097292",4,9,"https://dayalopticalsindia.com/products/ray-ban-0rx-7228",18,9,7,0.25
"do-8324577100022","Ray-Ban","RAY BAN    0RX 7225","Eyeglasses","eyeglasses","Wayfarer/Square optical","unisex",7551,8390,10,"ON SALE","https://cdn.shopify.com/s/files/1/0608/8563/1222/files/ray-ban-rx-7225-leonid-8260-black-8056597938570.webp?v=1704096535",5,10,"https://dayalopticalsindia.com/products/ray-ban-0rx-7225",18,9,7,0.25
"do-8324559405302","Ray-Ban","RAY BAN    0RX 6510","Eyeglasses","eyeglasses","Round Optical","unisex",8361,9290,10,"ON SALE","https://cdn.shopify.com/s/files/1/0608/8563/1222/files/ray-ban-rx-6510-2500-gold-8056597938020.webp?v=1704092706",4,10,"https://dayalopticalsindia.com/products/ray-ban-0rx-6510",18,9,7,0.25
"do-8318405279990","Ray-Ban","RAY BAN    0RX 6509","Eyeglasses","eyeglasses","Round Optical","unisex",8361,9290,10,"ON SALE","https://cdn.shopify.com/s/files/1/0608/8563/1222/files/ray-ban-rx-6509-2500-gold-8056597938723.webp?v=1703939521",3,9,"https://dayalopticalsindia.com/products/ray-ban-0rx-6509",18,9,7,0.25
"do-8318398398710","Ray-Ban","RAY BAN    0RX 6496","Eyeglasses","eyeglasses","Geometric Optical","unisex",8361,9290,10,"ON SALE","https://cdn.shopify.com/s/files/1/0608/8563/1222/files/ray-ban-rx-6496-2500-gold-8056597841030.webp?v=1703936285",4,7,"https://dayalopticalsindia.com/products/ray-ban-0rx-6496",18,9,7,0.25
"do-8318392434934","Ray-Ban","RAY BAN    0RX 5422","Eyeglasses","eyeglasses","Cat Eye Optical","women",8361,9290,10,"ON SALE","https://cdn.shopify.com/s/files/1/0608/8563/1222/files/ray-ban-rx-5422-2034-black-on-transparent-8056597939850.webp?v=1703933460",5,9,"https://dayalopticalsindia.com/products/ray-ban-0rx-5422",18,9,7,0.25
"do-7752501494006","Ray-Ban","RAY BAN  JUNIOR    0RJ 9052S","Sunglasses","sunglasses","Wayfarer/Square","unisex",3890,3890,0,"JUNIOR COLLECTION","https://cdn.shopify.com/s/files/1/0608/8563/1222/files/ray-ban-junior-rj-9052s-junior-new-wayfarer-707071-transparent-grey-8056597371469.webp?v=1703319154",6,7,"https://dayalopticalsindia.com/products/ray-ban-32",18,9,7,0.25
"do-7751580385526","Ray-Ban","RAY BAN JUNIOR    0RY 1549","Eyeglasses","eyeglasses","Wayfarer/Square optical","unisex",5690,5690,0,"JUNIOR COLLECTION","https://cdn.shopify.com/s/files/1/0608/8563/1222/files/ray-ban-junior-vista-ry-1549-3652-matte-black-8053672474367.webp?v=1703315175",3,13,"https://dayalopticalsindia.com/products/ray-ban-19",18,9,7,0.25
"do-7751580745974","Ray-Ban","RAY BAN JUNIOR    0RY 1598","Eyeglasses","eyeglasses","Wayfarer/Square optical","unisex",4590,4590,0,"JUNIOR COLLECTION","https://cdn.shopify.com/s/files/1/0608/8563/1222/files/ray-ban-junior-vista-ry-1598-3775-transparent-blue-8056597175661-2.webp?v=1703312889",2,2,"https://dayalopticalsindia.com/products/ray-ban-28",18,9,7,0.25
"do-7751580680438","Ray-Ban","RAY BAN JUNIOR    0RY 1591","Eyeglasses","eyeglasses","Wayfarer/Square optical","unisex",4090,4090,0,"JUNIOR COLLECTION","https://cdn.shopify.com/s/files/1/0608/8563/1222/files/ray-ban-junior-vista-ry-1591-3529-black-on-transparent-8056597126090.webp?v=1703247795",2,2,"https://dayalopticalsindia.com/products/ray-ban-26",18,9,7,0.25
"do-7751580614902","Ray-Ban","RAY BAN JUNIOR     0RY1588","Eyeglasses","eyeglasses","Rectangle Optical","unisex",4290,4290,0,"JUNIOR COLLECTION","https://cdn.shopify.com/s/files/1/0608/8563/1222/files/ray-ban-junior-vista-ry-1588-3633-matte-black-8056597013833.webp?v=1703309190",2,3,"https://dayalopticalsindia.com/products/ray-ban-24",18,9,7,0.25
"do-7751580549366","Ray-Ban","RAY BAN  JUNIOR   0RY 1585","Eyeglasses","eyeglasses","Wayfarer/Square optical","unisex",3790,3790,0,"JUNIOR COLLECTION","https://cdn.shopify.com/s/files/1/0608/8563/1222/files/ray-ban-ry-1585-3778-nero-opaco-junior-image-a.webp?v=1703308210",3,3,"https://dayalopticalsindia.com/products/ray-ban-23",18,9,7,0.25
"do-7751580451062","Ray-Ban","RAY BAN JUNIOR     0RY 1570","Eyeglasses","eyeglasses","Wayfarer/Square optical","unisex",4990,4990,0,"JUNIOR COLLECTION","https://cdn.shopify.com/s/files/1/0608/8563/1222/files/Ray-Ban-Junior-RY1570-3790_242ce476-f61d-43cd-bed6-85472a5c26d8.webp?v=1703245245",1,1,"https://dayalopticalsindia.com/products/ray-ban-21",18,9,7,0.25
"do-7751580418294","Ray-Ban","RAY BAN JUNIOR    0RY 1562","Eyeglasses","eyeglasses","Wayfarer/Square optical","unisex",3790,3790,0,"JUNIOR COLLECTION","https://cdn.shopify.com/s/files/1/0608/8563/1222/files/ray-ban-junior-vista-ry-1562-3542-black-8053672674927.webp?v=1703242468",1,2,"https://dayalopticalsindia.com/products/ray-ban-20",18,9,7,0.25
"do-8299528126710","Ray-Ban","RAY BAN  0RX 5428","Eyeglasses","eyeglasses","Rectangle","unisex",8901,9890,10,"ON SALE","https://cdn.shopify.com/s/files/1/0608/8563/1222/files/ray-ban-rx-5428-2034-black-on-transparent-8056597728515.webp?v=1702359208",3,5,"https://dayalopticalsindia.com/products/ray-ban-0rx-5428",18,9,7,0.25
"do-8297106997494","Ray-Ban","RAY BAN  0RX 5418","Eyeglasses","eyeglasses","Wayfarer/Square optical","unisex",8361,9290,10,"ON SALE","https://cdn.shopify.com/s/files/1/0608/8563/1222/files/RAYBAN_5418_2000_56_30_800x_75843b4a-2a31-4675-8191-2aa09d16f7d5.webp?v=1702125635",5,9,"https://dayalopticalsindia.com/products/ray-ban-0rx-5418",18,9,7,0.25
"do-8297043919094","Ray-Ban","RAY BAN  0RX 5417","Eyeglasses","eyeglasses","Round Optical","unisex",8361,9290,10,"ON SALE","https://cdn.shopify.com/s/files/1/0608/8563/1222/files/ray-ban-rx-5417-2034-black-on-transparent-8056597826938.webp?v=1702120756",3,6,"https://dayalopticalsindia.com/products/ray-ban-0rx-5417",18,9,7,0.25
"do-8296649818358","Ray-Ban","RAY  BAN  0RX 3694V","Sunglasses","sunglasses","Aviator Optical","unisex",8361,9290,10,"ON SALE","https://cdn.shopify.com/s/files/1/0608/8563/1222/files/ray-ban-rx-3694v-jim-2500-gold-8056597721691.webp?v=1702103654",4,13,"https://dayalopticalsindia.com/products/ray-ban-0rx-3694v",18,9,7,0.25
"do-8296173666550","Ray-Ban","RAY  BAN  0RX 0840V","Eyeglasses","eyeglasses","Wayfarer/Square optical","unisex",8901,9890,10,"ON SALE","https://cdn.shopify.com/s/files/1/0608/8563/1222/files/ray-ban-rx-0840v-mega-wayfarer-2000-black-8056597891097.webp?v=1702038281",4,4,"https://dayalopticalsindia.com/products/ray-ban-0rx-0840v",18,9,7,0.25
"do-8290544615670","Ray-Ban","RAY  BAN  0RX 0316V","Eyeglasses","eyeglasses","Wayfarer/Square optical","unisex",8901,9890,10,"ON SALE","https://cdn.shopify.com/s/files/1/0608/8563/1222/files/ray-ban-rx-0316v-mega-clubmaster-2000-black-on-gold-8056597840231.webp?v=1702021281",4,4,"https://dayalopticalsindia.com/products/ray-ban-0rx-0316v",18,9,7,0.25
"do-8276092649718","Ray-Ban","RAY  BAN  0RB R0101S","Sunglasses","sunglasses","Aviator","unisex",12951,14390,10,"ON SALE","https://cdn.shopify.com/s/files/1/0608/8563/1222/files/RAYBAN_0101S_001VR_59_30_800x_a6920ba5-9c55-4882-a25b-b98450432445.webp?v=1701951141",4,15,"https://dayalopticalsindia.com/products/ray-ban-0rb-r0101s",18,9,7,0.25
"do-8276024197366","Ray-Ban","RAY  BAN  0RB 8094","Sunglasses","sunglasses","Hexagon","unisex",26001,28890,10,"ON SALE","https://cdn.shopify.com/s/files/1/0608/8563/1222/files/ray-ban-rb-8094-jim-titanium-9209r5-silver-8056597984805.webp?v=1701945365",4,4,"https://dayalopticalsindia.com/products/ray-ban-0rb8094",18,9,7,0.25
"do-8276010762486","Ray-Ban","RAY  BAN  0RB 4547","Sunglasses","sunglasses","Wayfarer","unisex",10701,11890,10,"ON SALE","https://cdn.shopify.com/s/files/1/0608/8563/1222/files/ray-ban-rb-4547-boyfriend-two-6717r5-blue-8056597939386.webp?v=1701944220",4,8,"https://dayalopticalsindia.com/products/ray-ban-0rb4547",18,9,7,0.25
"do-8275860619510","Ray-Ban","RAY  BAN  0RB 4428","Sunglasses","sunglasses","Square","unisex",9891,10990,10,"ON SALE","https://cdn.shopify.com/s/files/1/0608/8563/1222/files/ray-ban-rb-4428-60131-black-8056597939140.webp?v=1701935139",3,6,"https://dayalopticalsindia.com/products/ray-ban-0rb4428",18,9,7,0.25
"do-8275832406262","Ray-Ban","RAY  BAN  0RB 4426","Sunglasses","sunglasses","Square","unisex",9441,10490,10,"ON SALE","https://cdn.shopify.com/s/files/1/0608/8563/1222/files/ray-ban-rb-4426-phil-135973-havana-8056597963244.webp?v=1701932597",4,6,"https://dayalopticalsindia.com/products/ray-ban-0rb4426",18,9,7,0.25
"do-8274221564150","Ray-Ban","RAY  BAN  0RB 4408","Sunglasses","sunglasses","Square","unisex",10701,11890,10,"ON SALE","https://cdn.shopify.com/s/files/1/0608/8563/1222/files/ray-ban-rb-4408-magellan-135973-havana-8056597936941.webp?v=1701863419",5,7,"https://dayalopticalsindia.com/products/ray-ban-0rb-4408",18,9,7,0.25
"do-8274135384310","Ray-Ban","RAY BAN  0RB 3715M","Sunglasses","sunglasses","Square","men",11961,13290,10,"ON SALE","https://cdn.shopify.com/s/files/1/0608/8563/1222/files/ray-ban-rb-3715m-f00171-gunmetal-8056597852692.webp?v=1701858560",2,4,"https://dayalopticalsindia.com/products/ray-ban-0rb-3715m",18,9,7,0.25
"do-8273963778294","Ray-Ban","RAY  BAN  0RX 7230","Eyeglasses","eyeglasses","Wayfarer/Square optical","unisex",9351,10390,10,"ON SALE","https://cdn.shopify.com/s/files/1/0608/8563/1222/files/ray-ban-rx-7230-5204-sand-black-8056597938297.webp?v=1701850405",5,8,"https://dayalopticalsindia.com/products/ray-ban-0rx-7230",18,9,7,0.25
"do-8260135878902","Vogue","VOGUE    4253","Eyeglasses","eyeglasses","Geometric Optical","women",4567,5190,12,"ON SALE","https://cdn.shopify.com/s/files/1/0608/8563/1222/files/vogue-vo-4253-280-top-red-gold-8056597717892.webp?v=1700819636",3,6,"https://dayalopticalsindia.com/products/vogue-4253",18,9,7,0.25
"do-8260055007478","Vogue","VOGUE    4249","Eyeglasses","eyeglasses","Cat Eye Optical","women",5887,6690,12,"ON SALE","https://cdn.shopify.com/s/files/1/0608/8563/1222/files/624743_1671500707332.webp?v=1700806707",3,8,"https://dayalopticalsindia.com/products/vogue-4249",18,9,7,0.25
"do-8243610484982","Ray-Ban","RAY  BAN  0RB 3809","Sunglasses","sunglasses","Round","unisex",10071,11190,10,"ON SALE","https://cdn.shopify.com/s/files/1/0608/8563/1222/files/ray-ban-rb-3809-00131-gold-8056597935869.webp?v=1699601389",4,8,"https://dayalopticalsindia.com/products/ray-ban-0rb-3809",18,9,7,0.25
"do-8243590856950","Ray-Ban","RAY  BAN  0RB 3765","Sunglasses","sunglasses","Round","unisex",13671,15190,10,"ON SALE","https://cdn.shopify.com/s/files/1/0608/8563/1222/files/ray-ban-rb-3765-0014o-gold-8056597936026.webp?v=1699598627",2,5,"https://dayalopticalsindia.com/products/ray-ban-0rb-3765",18,9,7,0.25
"do-8183211294966","Ray-Ban","RAY  BAN  0RB 2205","Sunglasses","sunglasses","Square","unisex",11511,12790,10,"ON SALE","https://cdn.shopify.com/s/files/1/0608/8563/1222/files/ray-ban-rb-2205-bill-one-1396b1-dark-grey-on-transparent-grey-8056597936194.webp?v=1696488297",4,7,"https://dayalopticalsindia.com/products/ray-ban-0rb-2205",18,9,7,0.25
"do-8182168912118","Ray-Ban","RAY BAN    0298S","Sunglasses","sunglasses","Wayfarer/Square","unisex",13311,14790,10,"ON SALE","https://cdn.shopify.com/s/files/1/0608/8563/1222/files/ray-ban-rb-0298s-mega-hawkeye-1292m2-havana-on-transparent-brown-8056597936088.webp?v=1696401650",3,5,"https://dayalopticalsindia.com/products/ray-ban-0298s",18,9,7,0.25
"do-8209193697526","Carrera","CARRERA     8065/CS","Sunglasses","sunglasses","Rectangle","men",6900,9200,25,"ON SALE","https://cdn.shopify.com/s/files/1/0608/8563/1222/files/carrera-ca-8065cs-clip-on-003-uc-matte-black-716736849577.webp?v=1697890914",3,4,"https://dayalopticalsindia.com/products/carrera-8065-cs",18,9,7,0.25
"do-8184833147126","Ray-Ban","RAY BAN  0RB 4416","Sunglasses","sunglasses","Clubmaster","unisex",10611,11790,10,"ON SALE","https://cdn.shopify.com/s/files/1/0608/8563/1222/files/ray-ban-rb-4416-new-clubmaster-672071-dark-grey-on-rose-gold-8056597953016.webp?v=1696664771",6,11,"https://dayalopticalsindia.com/products/ray-ban-0rb-4416",18,9,7,0.25
"do-8183598416118","Ray-Ban","RAY BAN  0RB 3721","Sunglasses","sunglasses","Square","unisex",11421,12690,10,"ON SALE","https://cdn.shopify.com/s/files/1/0608/8563/1222/files/ray-ban-rb-3721-18711-black-on-gold-8056597936637.webp?v=1696585924",2,4,"https://dayalopticalsindia.com/products/ray-ban-0rb-3721",18,9,7,0.25
"do-8183540711670","Ray-Ban","RAY BAN  0RB 3720","Sunglasses","sunglasses","Square","unisex",11421,12690,10,"ON SALE","https://cdn.shopify.com/s/files/1/0608/8563/1222/files/ray-ban-rb-3720-00131-gold-8056597935685.webp?v=1696574853",4,4,"https://dayalopticalsindia.com/products/ray-ban-0rb-3720",18,9,7,0.25
"do-8183534682358","Ray-Ban","RAY BAN  0RB 3719","Sunglasses","sunglasses","Round","unisex",11511,12790,10,"ON SALE","https://cdn.shopify.com/s/files/1/0608/8563/1222/files/ray-ban-rb-3719-00131TILTED.webp?v=1696570992",4,9,"https://dayalopticalsindia.com/products/ray-ban-0rb-3719",18,9,7,0.25
"do-8183258415350","Ray-Ban","RAY BAN  0RB 3694","Sunglasses","sunglasses","Hexagon","unisex",12231,13590,10,"ON SALE","https://cdn.shopify.com/s/files/1/0608/8563/1222/files/ray-ban-rb-3694-jim-00151-gold-8056597948821.webp?v=1696504543",5,13,"https://dayalopticalsindia.com/products/ray-ban-0rb-3694",18,9,7,0.25
"do-8183249928438","Ray-Ban","RAY BAN  0RB 3688","Sunglasses","sunglasses","Square","unisex",9891,10990,10,"ON SALE","https://cdn.shopify.com/s/files/1/0608/8563/1222/files/601875_side_2_1681884129059.webp?v=1696499847",3,8,"https://dayalopticalsindia.com/products/ray-ban-0rb-3688",18,9,7,0.25
"do-8183207362806","Ray-Ban","RAY  BAN  0RB 2204","Sunglasses","sunglasses","Round","unisex",13491,14990,10,"ON SALE","https://cdn.shopify.com/s/files/1/0608/8563/1222/files/ray-ban-rb-2204-139357-havana-on-transparent-8056597936408.webp?v=1696485249",2,8,"https://dayalopticalsindia.com/products/ray-ban-0rb-2204",18,9,7,0.25
"do-8182262792438","Ray-Ban","RAY  BAN  0RB 2203","Sunglasses","sunglasses","Square","unisex",13491,14990,10,"ON SALE","https://cdn.shopify.com/s/files/1/0608/8563/1222/files/ray-ban-rb-2203-139357-havana-8056597936422.webp?v=1696422395",2,8,"https://dayalopticalsindia.com/products/ray-ban-0rb2203",18,9,7,0.25
"do-7775903318262","Ray-Ban","RAY BAN  3683","Sunglasses","sunglasses","Aviator","unisex",9351,10390,10,"ON SALE","https://cdn.shopify.com/s/files/1/0608/8563/1222/products/578760_side_2_1652399868663.webp?v=1679660079",5,11,"https://dayalopticalsindia.com/products/ray-ban-354",18,9,7,0.25
"do-8173193429238","Alcon","Air Optix Plus Hydraglyde Monthly","Contact Lenses","contact-lenses","Spherical","unisex",2898,3050,5,"MONTHLY DISPOSABLE","https://cdn.shopify.com/s/files/1/0608/8563/1222/files/AlconWebpageProductDisplayArtworks1.1-01_4390fddf-5bd6-4a9c-97c0-f25d2ea889f9.jpg?v=1695020314",1,1,"https://dayalopticalsindia.com/products/air-optix-plus-hydraglyde-1",15,10,4,0.08
"do-8142071136502","Johnson & Johnson","ACUVUE MOIST FOR ASTIGMATISM","Contact Lenses","contact-lenses","Toric (Astigmatism)","unisex",2839,2988,5,"ONE DAY DISPOSABLE","https://cdn.shopify.com/s/files/1/0608/8563/1222/files/ACUVUEMOISTforASTIGMATISMnew.jpg?v=1695100100",1,1,"https://dayalopticalsindia.com/products/acuvue-moist-for-astigmatism",15,10,4,0.08
"do-8153433440502","Alcon","FRESHLOOK COLORED CONTACT LENSES","Contact Lenses","contact-lenses","Cosmetic Colored","unisex",1310,1310,0,"DAILY DISPOSABLE","https://cdn.shopify.com/s/files/1/0608/8563/1222/files/Freshlookoneday2-01.jpg?v=1695018225",4,4,"https://dayalopticalsindia.com/products/freshlook-colored-contact-lenses",15,10,4,0.08
"do-8153421512950","Alcon","FRESHLOOK COLORED CIRCLE  LENSES","Contact Lenses","contact-lenses","Cosmetic Colored","unisex",1725,1725,0,"DAILY DISPOSABLE","https://cdn.shopify.com/s/files/1/0608/8563/1222/files/Picture13_ebe79003-537d-43c4-a0fd-5ccf6c335228.jpg?v=1695019693",3,3,"https://dayalopticalsindia.com/products/freshlook-colored-circle-lenses",15,10,4,0.08
"do-8153415450870","Alcon","Air Optix Color","Contact Lenses","contact-lenses","Cosmetic Colored","unisex",1825,1825,0,"MONTHLY DISPOSABLE","https://cdn.shopify.com/s/files/1/0608/8563/1222/files/Airoptixcolors2-01_53e1359c-45ec-436e-a4b8-2ac0c8b0335f.jpg?v=1789122459",7,9,"https://dayalopticalsindia.com/products/air-optix-color",15,10,4,0.08
"do-8153384321270","Alcon","DALIES TOTAL 1","Contact Lenses","contact-lenses","Spherical","unisex",3325,3500,5,"DAILY DISPOSABLE","https://cdn.shopify.com/s/files/1/0608/8563/1222/files/DaliesTotal1NEWNEW.jpg?v=1695104953",1,1,"https://dayalopticalsindia.com/products/dalies-total-1",15,10,4,0.08
"do-8153350602998","Alcon","Air Optix Plus Hydraglyde for Astigmatist","Contact Lenses","contact-lenses","Spherical","unisex",1800,1895,5,"MONTHLY DISPOSABLE","https://cdn.shopify.com/s/files/1/0608/8563/1222/files/AirOptixPlusHydraglydeforAstigmatistNEW.jpg?v=1695104697",1,1,"https://dayalopticalsindia.com/products/air-optix-plus-hydraglyde-for-astigmatist",15,10,4,0.08
"do-8143356231926","Johnson & Johnson","ACUVUE 2®","Contact Lenses","contact-lenses","Spherical","unisex",1664,1752,5,"2 WEEKS REPLACEMENT","https://cdn.shopify.com/s/files/1/0608/8563/1222/files/ACUVUE2_NEW.jpg?v=1695102561",1,1,"https://dayalopticalsindia.com/products/acuvue-2®",15,10,4,0.08
"do-8143351677174","Johnson & Johnson","ACUVUE OASYS FOR ASTIGMATISM","Contact Lenses","contact-lenses","Toric (Astigmatism)","unisex",2839,2988,5,"2 WEEKLY REPLACEMENT","https://cdn.shopify.com/s/files/1/0608/8563/1222/files/ACUVUEOASYSforASTIGMATISMn.webp?v=1695213403",1,1,"https://dayalopticalsindia.com/products/acuvue-oasys-for-astigmatism",15,10,4,0.08
"do-8143346172150","Johnson & Johnson","ACUVUE OASYS","Contact Lenses","contact-lenses","Spherical","unisex",2571,2706,5,"2 WEEKLY REPLACEMENT","https://cdn.shopify.com/s/files/1/0608/8563/1222/files/ACUVUEOASYSn.webp?v=1695213493",1,1,"https://dayalopticalsindia.com/products/acuvue-oasys-1",15,10,4,0.08
"do-8143275786486","Johnson & Johnson","ACUVUE OASYS 1 DAY WITH HYDRALUXE","Contact Lenses","contact-lenses","Spherical","unisex",3221,3390,5,"ONE DAY DISPOSABLE","https://cdn.shopify.com/s/files/1/0608/8563/1222/files/ACUVUEOASYS1DAYWITHHYDRALUXE.png?v=1695022180",1,1,"https://dayalopticalsindia.com/products/acuvue-oasys",15,10,4,0.08
"do-8142659813622","Johnson & Johnson","ACUVUE VITA FOR ASTIGMATISM","Contact Lenses","contact-lenses","Toric (Astigmatism)","unisex",3221,3390,5,"MONTHLY REPLACEMENT","https://cdn.shopify.com/s/files/1/0608/8563/1222/files/ACUVUEVITAforASTIGMATISMNEW.jpg?v=1695104231",1,1,"https://dayalopticalsindia.com/products/acuvue-vita-for-astigmatism",15,10,4,0.08
"do-8141936165110","Johnson & Johnson","ACUVUE® VITA","Contact Lenses","contact-lenses","Spherical","unisex",2571,2706,5,"MONTHLY REPLACEMENT","https://cdn.shopify.com/s/files/1/0608/8563/1222/files/ACUVUE_VITANEWNM.jpg?v=1695104047",1,1,"https://dayalopticalsindia.com/products/acuvue®-vita",15,10,4,0.08
"do-8133456101622","Johnson & Johnson","Acuvue Moist","Contact Lenses","contact-lenses","Spherical","unisex",2351,2475,5,"ONE DAY DISPOSABLE","https://cdn.shopify.com/s/files/1/0608/8563/1222/files/AcuvueMoistnew.jpg?v=1695100704",1,1,"https://dayalopticalsindia.com/products/acuvue-moist",15,10,4,0.08
"do-7775903219958","Ray-Ban","RAY BAN    0RB 0316S","Sunglasses","sunglasses","Clubmaster","unisex",11421,13190,13,"ON SALE","https://cdn.shopify.com/s/files/1/0608/8563/1222/products/638299_1681804065272.webp?v=1690267980",4,14,"https://dayalopticalsindia.com/products/ray-ban-351",18,9,7,0.25
"do-7970542649590","Vogue","VOGUE   4181B","Eyeglasses","eyeglasses","Wayfarer/Square optical","women",6151,6990,12,"ON SALE","https://cdn.shopify.com/s/files/1/0608/8563/1222/products/vogue-vo-4181b-280-gold-8056597233873-2.webp?v=1689840418",1,2,"https://dayalopticalsindia.com/products/vogue-52",18,9,7,0.25
"do-7970542485750","Vogue","VOGUE    4164","Eyeglasses","eyeglasses","Cat Eye Optical","women",6239,7090,12,"ON SALE","https://cdn.shopify.com/s/files/1/0608/8563/1222/products/vogue-vo-4164-323-silver-8056597190992.webp?v=1689834637",3,3,"https://dayalopticalsindia.com/products/vogue-48",18,9,7,0.25
"do-7970542223606","Vogue","VOGUE     4140","Eyeglasses","eyeglasses","Wayfarer/Square optical","unisex",5684,6459,12,"ON SALE","https://cdn.shopify.com/s/files/1/0608/8563/1222/products/vogue-4140-323.jpg?v=1689767885",3,4,"https://dayalopticalsindia.com/products/vogue-41",18,9,7,0.25
"do-7970542190838","Vogue","VOGUE    4120","Eyeglasses","eyeglasses","Cat Eye Optical","women",4942,5616,12,"ON SALE","https://cdn.shopify.com/s/files/1/0608/8563/1222/products/vogue-4120-5107-0.jpg?v=1689767483",1,1,"https://dayalopticalsindia.com/products/vogue-40",18,9,7,0.25
"do-7970542125302","Vogue","VOGUE    4108","Eyeglasses","eyeglasses","Cat Eye Optical","women",4942,5616,12,"ON SALE","https://cdn.shopify.com/s/files/1/0608/8563/1222/products/vogue-vo-4108-5078-avana-oro-rosa-image-a.webp?v=1689766563",2,2,"https://dayalopticalsindia.com/products/vogue-39",18,9,7,0.25
"do-7970542092534","Vogue","VOGUE    4095B","Eyeglasses","eyeglasses","Cat Eye Optical","women",5767,6553,12,"ON SALE","https://cdn.shopify.com/s/files/1/0608/8563/1222/products/vogue-vo-4095b-352-top-blacksilver-8053672907100.webp?v=1689763255",3,3,"https://dayalopticalsindia.com/products/vogue-38",18,9,7,0.25
"do-7970541961462","Vogue","VOGUE   4087","Eyeglasses","eyeglasses","Cat Eye Optical","women",4694,5334,12,"ON SALE","https://cdn.shopify.com/s/files/1/0608/8563/1222/products/425422_1599520119834.webp?v=1689761527",2,2,"https://dayalopticalsindia.com/products/vogue-35",18,9,7,0.25
"do-8049078534390","Ray-Ban","RAY BAN    0RX 3717V","Eyeglasses","eyeglasses","Rectangle Optical","unisex",8901,9890,10,"ON SALE","https://cdn.shopify.com/s/files/1/0608/8563/1222/products/3717V2501SILVER.webp?v=1689747164",4,8,"https://dayalopticalsindia.com/products/ray-ban-0rx-3717v",18,9,7,0.25
"do-8040731672822","Ray-Ban","RAY BAN 0RB 4396","Sunglasses","sunglasses","Square","unisex",11421,12690,10,"ON SALE","https://cdn.shopify.com/s/files/1/0608/8563/1222/products/ray-ban-4396-66789a-0_2e15a5ad-3980-4849-868b-516fbb329d5f.png?v=1688453665",5,9,"https://dayalopticalsindia.com/products/ray-ban-0rb-4397",18,9,7,0.25
"do-7756054331638","Ray-Ban","RAY BAN 3636V","Eyeglasses","eyeglasses","Wayfarer/Square optical","unisex",8901,9890,10,"ON SALE","https://cdn.shopify.com/s/files/1/0608/8563/1222/products/0RX3636V__2501_030A.jpg?v=1664020264",3,4,"https://dayalopticalsindia.com/products/ray-ban-192",18,9,7,0.25
"do-7756054298870","Ray-Ban","RAY BAN  3625V","Sunglasses","sunglasses","Aviator Optical","unisex",8901,9890,10,"ON SALE","https://cdn.shopify.com/s/files/1/0608/8563/1222/products/0RX3625V__2501_030A.jpg?v=1664019530",3,10,"https://dayalopticalsindia.com/products/ray-ban-191",18,9,7,0.25
"do-7775903416566","Ray-Ban","RAY BAN 3957","Sunglasses","sunglasses","Rectangle","unisex",11511,12790,10,"ON SALE","https://cdn.shopify.com/s/files/1/0608/8563/1222/files/ray-ban-rb-3957-julie-919631-gold-8056597846936-800x800w_615f0d98-f385-41da-938e-f32cf3fcbc89.webp?v=1712556844",1,4,"https://dayalopticalsindia.com/products/ray-ban-357",18,9,7,0.25
"do-7775903613174","Ray-Ban","RAY BAN 4487","Sunglasses","sunglasses","Wayfarer/Square","unisex",9531,10590,10,"ON SALE","https://cdn.shopify.com/s/files/1/0608/8563/1222/products/ray-ban-rb-4487-steve-663219-black-on-blue-8056597717847.webp?v=1679728450",2,4,"https://dayalopticalsindia.com/products/ray-ban-361",18,9,7,0.25
"do-7775903580406","Ray-Ban","RAY BAN   4405M","Sunglasses","sunglasses","Wayfarer/Square","unisex",16551,19290,14,"ON SALE","https://cdn.shopify.com/s/files/1/0608/8563/1222/products/RAYBAN4405M1.webp?v=1680181935",1,2,"https://dayalopticalsindia.com/products/ray-ban-360",18,9,7,0.25
"do-7775903547638","Ray-Ban","RAY BAN   4404M","Sunglasses","sunglasses","Rectangle","unisex",10611,11790,10,"ON SALE","https://cdn.shopify.com/s/files/1/0608/8563/1222/products/ray-ban-rb-4404m-f68371-black-8056597853743.webp?v=1679725440",3,4,"https://dayalopticalsindia.com/products/ray-ban-359",18,9,7,0.25
"do-7775903482102","Ray-Ban","RAY BAN   0RB 4399","Sunglasses","sunglasses","Round","unisex",11871,13190,10,"ON SALE","https://cdn.shopify.com/s/files/1/0608/8563/1222/products/ray-ban-rb-4399-gina-616651-turtledove-8056597829359.webp?v=1679662872",4,4,"https://dayalopticalsindia.com/products/ray-ban-358",18,9,7,0.25
"do-7775903383798","Ray-Ban","RAY BAN   3796","Sunglasses","sunglasses","Rectangle","unisex",10791,11990,10,"ON SALE","https://cdn.shopify.com/s/files/1/0608/8563/1222/products/ray-ban-rb-3796-002b1-black-8056597836968.webp?v=1679661930",3,12,"https://dayalopticalsindia.com/products/ray-ban-356",18,9,7,0.25
"do-7775903351030","Ray-Ban","RAY BAN     3717","Sunglasses","sunglasses","Rectangle","unisex",11241,12490,10,"ON SALE","https://cdn.shopify.com/s/files/1/0608/8563/1222/products/ray-ban-rb-3717-002b1-black-8056597835688.webp?v=1679660915",3,8,"https://dayalopticalsindia.com/products/ray-ban-355",18,9,7,0.25
"do-7988811137270","Ray-Ban","RAY BAN  0RB 4397","Sunglasses","sunglasses","Square","unisex",9891,10990,10,"ON SALE","https://cdn.shopify.com/s/files/1/0608/8563/1222/products/ray-ban-rb-4397-corrigan-667771-black-8056597829533.webp?v=1679486513",4,5,"https://dayalopticalsindia.com/products/ray-ban-349",18,9,7,0.25
"do-7775903187190","Ray-Ban","RAY BAN  0RB 4398","Sunglasses","sunglasses","Wayfarer","unisex",11871,13190,10,"ON SALE","https://cdn.shopify.com/s/files/1/0608/8563/1222/products/ray-ban-rb-4398-erik-667571-opal-dark-grey-8056597828833.webp?v=1679485538",5,5,"https://dayalopticalsindia.com/products/ray-ban-350",18,9,7,0.25
"do-7775903056118","Ray-Ban","RAY BAN  0RB 4395","Sunglasses","sunglasses","Rectangle","unisex",12501,13890,10,"ON SALE","https://cdn.shopify.com/s/files/1/0608/8563/1222/products/ray-ban-rb-4395-kiliane-6678t3-transparent-brown-8056597829311.webp?v=1679400824",2,5,"https://dayalopticalsindia.com/products/ray-ban-347",18,9,7,0.25
"do-7775902990582","Ray-Ban","RAY BAN  0RB 4378","Sunglasses","sunglasses","Wayfarer","women",8091,8990,10,"ON SALE","https://cdn.shopify.com/s/files/1/0608/8563/1222/products/ray-ban-rb-4378-60171-black-8056597856171.webp?v=1679399384",3,3,"https://dayalopticalsindia.com/products/ray-ban-345",18,9,7,0.25
"do-7775902957814","Ray-Ban","RAY BAN  0RB 3709","Sunglasses","sunglasses","Wayfarer","unisex",10071,11190,10,"ON SALE","https://cdn.shopify.com/s/files/1/0608/8563/1222/products/ray-ban-rb-3709-clyde-00180-havana-on-gold-8056597834612.webp?v=1679398665",2,2,"https://dayalopticalsindia.com/products/ray-ban-344",18,9,7,0.25
"do-7775902925046","Ray-Ban","RAY BAN  0RB 3707","Sunglasses","sunglasses","Hexagon","unisex",13941,15490,10,"ON SALE","https://cdn.shopify.com/s/files/1/0608/8563/1222/products/rb3707-001-o9-01.jpg?v=1679397573",4,9,"https://dayalopticalsindia.com/products/ray-ban-343",18,9,7,0.25
"do-7775902728438","Ray-Ban","RAY BAN  0RX 7209","Eyeglasses","eyeglasses","Wayfarer/Square","unisex",8001,8890,10,"ON SALE","https://cdn.shopify.com/s/files/1/0608/8563/1222/products/615315_side_1_1677665144061.webp?v=1679393761",2,7,"https://dayalopticalsindia.com/products/ray-ban-340",18,9,7,0.25
"do-7768806818038","Ray-Ban","RAY BAN   7205M","Eyeglasses","eyeglasses","Rectangle Optical","unisex",8901,9890,10,"ON SALE","https://cdn.shopify.com/s/files/1/0608/8563/1222/products/0RX7205M__F623_030A.jpg?v=1664023434",4,7,"https://dayalopticalsindia.com/products/ray-ban-199",18,9,7,0.25
"do-7937150189814","Carrera","CARRERA    1045/S","Sunglasses","sunglasses","Aviator","unisex",7725,10300,25,"ON SALE","https://cdn.shopify.com/s/files/1/0608/8563/1222/products/589270_side_2_1663869723410.webp?v=1678788784",2,2,"https://dayalopticalsindia.com/products/carrera-41",18,9,7,0.25
"do-7774373314806","Ray-Ban","RAY BAN  0RB 3655I","Sunglasses","sunglasses","Square","unisex",6201,6890,10,"ON SALE","https://cdn.shopify.com/s/files/1/0608/8563/1222/products/RB-3655I-001-51-57A_1024x1024_2x_b89cb00c-a15f-483b-8a3d-3c0f7a52db08.webp?v=1678534036",2,2,"https://dayalopticalsindia.com/products/ray-ban-266",18,9,7,0.25
"do-7756054200566","Ray-Ban","RAY BAN  0RX 8767","Sunglasses","sunglasses","Rectangle","unisex",10071,11190,10,"ON SALE","https://cdn.shopify.com/s/files/1/0608/8563/1222/products/0RX8767__1227_030A.jpg?v=1678519401",2,2,"https://dayalopticalsindia.com/products/ray-ban-188",18,9,7,0.25
"do-7756054102262","Ray-Ban","RAY BAN  0RX 8748","Eyeglasses","eyeglasses","Round Optical","unisex",11421,12690,10,"ON SALE","https://cdn.shopify.com/s/files/1/0608/8563/1222/products/0RX8748__1000_030A.jpg?v=1678518741",2,4,"https://dayalopticalsindia.com/products/ray-ban-185",18,9,7,0.25
"do-7756054069494","Ray-Ban","RAY BAN   0RX 8724","Eyeglasses","eyeglasses","Rectangle Optical","men",8631,9590,10,"ON SALE","https://cdn.shopify.com/s/files/1/0608/8563/1222/products/0RX8724__1131_030A.jpg?v=1678518040",3,3,"https://dayalopticalsindia.com/products/ray-ban-184",18,9,7,0.25
"do-7775902433526","Ray-Ban","RAY BAN  0RB 4393M","Sunglasses","sunglasses","Rectangle","unisex",17271,19190,10,"ON SALE","https://cdn.shopify.com/s/files/1/0608/8563/1222/products/0RB4393M__F6015J_030A.jpg?v=1678515168",3,5,"https://dayalopticalsindia.com/products/ray-ban-331",18,9,7,0.25
"do-7768807833846","Ray-Ban","RAY BAN  0RB 3138","Sunglasses","sunglasses","Rectangle","men",9351,10390,10,"ON SALE","https://cdn.shopify.com/s/files/1/0608/8563/1222/products/16207_1599492379460.webp?v=1678513502",2,4,"https://dayalopticalsindia.com/products/ray-ban-221",18,9,7,0.25
"do-7970543763702","Vogue","VOGUE     5276","Eyeglasses","eyeglasses","Cat Eye Optical","women",5183,5890,12,"ON SALE","https://cdn.shopify.com/s/files/1/0608/8563/1222/products/8056597062572_2.jpg?v=1677753407",3,3,"https://dayalopticalsindia.com/products/vogue-78",18,9,7,0.25
"do-7775902662902","Ray-Ban","RAY BAN   0RX 8755","Eyeglasses","eyeglasses","Rectangle Optical","men",12681,14090,10,"ON SALE","https://cdn.shopify.com/s/files/1/0608/8563/1222/products/ray-ban-rx-8755-1000_1.png?v=1677588388",2,3,"https://dayalopticalsindia.com/products/ray-ban-338",18,9,7,0.25
"do-7775902630134","Ray-Ban","RAY BAN  7211","Eyeglasses","eyeglasses","Cat Eye Optical","unisex",6831,7590,10,"ON SALE","https://cdn.shopify.com/s/files/1/0608/8563/1222/products/ray-ban-rx-7211-2000-black-8056597724593.webp?v=1677588062",3,3,"https://dayalopticalsindia.com/products/ray-ban-337",18,9,7,0.25
"do-7970543796470","Vogue","VOGUE   5277","Eyeglasses","eyeglasses","Cat Eye Optical","women",4612,5241,12,"ON SALE","https://cdn.shopify.com/s/files/1/0608/8563/1222/products/8056597062657_2.jpg?v=1677490602",1,1,"https://dayalopticalsindia.com/products/vogue-79",18,9,7,0.25
"do-7971651551478","Vogue","VOGUE    5328S","Sunglasses","sunglasses","Square","men",5711,6490,12,"ON SALE","https://cdn.shopify.com/s/files/1/0608/8563/1222/products/8056597209250_2.jpg?v=1676966608",2,3,"https://dayalopticalsindia.com/products/vogue-165",18,9,7,0.25
"do-7971651485942","Vogue","VOGUE   5317S","Sunglasses","sunglasses","Cat Eye","women",7031,7990,12,"ON SALE","https://cdn.shopify.com/s/files/1/0608/8563/1222/products/8056597210065_2.jpg?v=1676965031",2,2,"https://dayalopticalsindia.com/products/vogue-163",18,9,7,0.25
"do-7971651453174","Vogue","VOGUE   5284S","Sunglasses","sunglasses","Geometric","women",6327,7190,12,"ON SALE","https://cdn.shopify.com/s/files/1/0608/8563/1222/products/8056597054492_2.jpg?v=1676964207",2,2,"https://dayalopticalsindia.com/products/vogue-162",18,9,7,0.25
"do-7971651420406","Vogue","VOGUE    5283S","Sunglasses","sunglasses","Rectangle","women",6327,7190,12,"ON SALE","https://cdn.shopify.com/s/files/1/0608/8563/1222/products/8056597048781_2.jpg?v=1676962986",1,3,"https://dayalopticalsindia.com/products/vogue-161",18,9,7,0.25
"do-7971651387638","Vogue","VOGUE    5282SB","Sunglasses","sunglasses","Cat Eye","women",6327,7190,12,"ON SALE","https://cdn.shopify.com/s/files/1/0608/8563/1222/products/8056597043755_2.jpg?v=1676962627",3,3,"https://dayalopticalsindia.com/products/vogue-160",18,9,7,0.25
"do-7971651322102","Vogue","VOGUE    5222S","Sunglasses","sunglasses","Octagon","women",4215,4790,12,"ON SALE","https://cdn.shopify.com/s/files/1/0608/8563/1222/products/8053672923315_2.jpg?v=1676961629",2,2,"https://dayalopticalsindia.com/products/vogue-158",18,9,7,0.25
"do-7971650076918","Vogue","VOGUE   4091BI","Sunglasses","sunglasses","Round","women",4303,4890,12,"ON SALE","https://cdn.shopify.com/s/files/1/0608/8563/1222/products/8901279501385_2.jpg?v=1676972593",1,1,"https://dayalopticalsindia.com/products/vogue-122",18,9,7,0.25
"do-7971650109686","Vogue","VOGUE   4097S","Sunglasses","sunglasses","Aviator","women",5095,5790,12,"ON SALE","https://cdn.shopify.com/s/files/1/0608/8563/1222/products/8053672915990_2.jpg?v=1676973511",1,1,"https://dayalopticalsindia.com/products/vogue-123",18,9,7,0.25
"do-7971650339062","Vogue","VOGUE    4118S","Sunglasses","sunglasses","Round","women",5975,6790,12,"ON SALE","https://cdn.shopify.com/s/files/1/0608/8563/1222/products/8056597009836_2.jpg?v=1676639206",1,4,"https://dayalopticalsindia.com/products/vogue-129",18,9,7,0.25
"do-7971649978614","Vogue","VOGUE    4081S","Sunglasses","sunglasses","Round","women",5975,6790,12,"ON SALE","https://cdn.shopify.com/s/files/1/0608/8563/1222/products/8053672969665_2.jpg?v=1676638393",1,2,"https://dayalopticalsindia.com/products/vogue-119",18,9,7,0.25
"do-7971649945846","Vogue","VOGUE   4080S","Sunglasses","sunglasses","Aviator","women",5535,6290,12,"ON SALE","https://cdn.shopify.com/s/files/1/0608/8563/1222/products/8053672862263_2.jpg?v=1676636882",3,4,"https://dayalopticalsindia.com/products/vogue-118",18,9,7,0.25
"do-7971650011382","Vogue","VOGUE    4083S","Sunglasses","sunglasses","Aviator","women",5887,6690,12,"ON SALE","https://cdn.shopify.com/s/files/1/0608/8563/1222/products/8053672836080_2.jpg?v=1676635193",1,1,"https://dayalopticalsindia.com/products/vogue-120",18,9,7,0.25
"do-7971651256566","Vogue","VOGUE   5211S","Sunglasses","sunglasses","Cat Eye","women",6327,7190,12,"ON SALE","https://cdn.shopify.com/s/files/1/0608/8563/1222/products/8053672169270_2.jpg?v=1676543119",2,2,"https://dayalopticalsindia.com/products/vogue-156",18,9,7,0.25
"do-7970541699318","Vogue","VOGUE     3975","Eyeglasses","eyeglasses","Wayfarer/Square optical","women",4117,4678,12,"ON SALE","https://cdn.shopify.com/s/files/1/0608/8563/1222/products/8053672404807_2.jpg?v=1676374745",3,4,"https://dayalopticalsindia.com/products/vogue-28",18,9,7,0.25
"do-7970541601014","Vogue","VOGUE   3955BI","Eyeglasses","eyeglasses","Round Optical","women",3071,3490,12,"ON SALE","https://cdn.shopify.com/s/files/1/0608/8563/1222/products/8053672307214_2.jpg?v=1676368881",2,3,"https://dayalopticalsindia.com/products/vogue-26",18,9,7,0.25
"do-7775902466294","Ray-Ban","RAY BAN  0RB 8165","Sunglasses","sunglasses","Round","unisex",24831,27590,10,"ON SALE","https://cdn.shopify.com/s/files/1/0608/8563/1222/products/RAYBAN0RB81651.webp?v=1680160820",3,7,"https://dayalopticalsindia.com/products/ray-ban-332",18,9,7,0.25
"do-7775902367990","Ray-Ban","RAY BAN 0RB 4388","Sunglasses","sunglasses","Wayfarer","unisex",11241,12490,10,"ON SALE","https://cdn.shopify.com/s/files/1/0608/8563/1222/products/0RB4388__601_71_030A.jpg?v=1673952175",4,8,"https://dayalopticalsindia.com/products/ray-ban-330",18,9,7,0.25
"do-7775902138614","Ray-Ban","RAY BAN  0RB 3702","Sunglasses","sunglasses","Square","unisex",10071,11190,10,"ON SALE","https://cdn.shopify.com/s/files/1/0608/8563/1222/products/0RB3702__90003F_030A.jpg?v=1673939930",3,4,"https://dayalopticalsindia.com/products/ray-ban-326",18,9,7,0.25
"do-7775902073078","Ray-Ban","RAY BAN 0RB 3701","Sunglasses","sunglasses","Aviator","men",10611,11790,10,"ON SALE","https://cdn.shopify.com/s/files/1/0608/8563/1222/products/0RB3701__002_71_030A.jpg?v=1673939305",3,3,"https://dayalopticalsindia.com/products/ray-ban-325",18,9,7,0.25
"do-7775902040310","Ray-Ban","RAY BAN 0RB 3699","Sunglasses","sunglasses","Square","unisex",10521,11690,10,"ON SALE","https://cdn.shopify.com/s/files/1/0608/8563/1222/products/0RB3699__001_51_030A.jpg?v=1673938031",4,9,"https://dayalopticalsindia.com/products/ray-ban-324",18,9,7,0.25
"do-7775901974774","Ray-Ban","RAY BAN  0RB 3625","Sunglasses","sunglasses","Aviator","unisex",10791,11990,10,"ON SALE","https://cdn.shopify.com/s/files/1/0608/8563/1222/products/0RB3625__002_B1_030A.jpg?v=1673937241",4,17,"https://dayalopticalsindia.com/products/ray-ban-323",18,9,7,0.25
"do-7775901942006","Ray-Ban","RAY BAN  RB 2191","Sunglasses","sunglasses","Square","unisex",9981,11090,10,"ON SALE","https://cdn.shopify.com/s/files/1/0608/8563/1222/products/0RB2191__12943M_030A.jpg?v=1673871647",3,7,"https://dayalopticalsindia.com/products/ray-ban-322",18,9,7,0.25
"do-7936788693238","Carrera","CARRERA  8840/G","Eyeglasses","eyeglasses","Square Optical","men",6258,8344,25,"ON SALE","https://cdn.shopify.com/s/files/1/0608/8563/1222/products/102667008600_P00.jpg?v=1671189493",2,2,"https://dayalopticalsindia.com/products/carrera-15",18,9,7,0.25
"do-7936788791542","Carrera","CARRERA   8847","Eyeglasses","eyeglasses","Square Optical","men",7725,10300,25,"ON SALE","https://cdn.shopify.com/s/files/1/0608/8563/1222/products/103038000300_P00.jpg?v=1671191122",2,3,"https://dayalopticalsindia.com/products/carrera-18",18,9,7,0.25
"do-7936789577974","Carrera","CARRERA   281","Eyeglasses","eyeglasses","Square Optical","men",6469,8625,25,"ON SALE","https://cdn.shopify.com/s/files/1/0608/8563/1222/products/carrera-281-003-02.jpg?v=1672991253",2,3,"https://dayalopticalsindia.com/products/carrera-37",18,9,7,0.25
"do-7939290988790","Carrera","CARRERA   8870","Eyeglasses","eyeglasses","Rectangle Optical","men",6750,9000,25,"ON SALE","https://cdn.shopify.com/s/files/1/0608/8563/1222/products/105907080700_P00.jpg?v=1671449827",1,2,"https://dayalopticalsindia.com/products/carrera-35",18,9,7,0.25
"do-7936789545206","Carrera","CARRERA  280","Eyeglasses","eyeglasses","Square Optical","men",7594,10125,25,"ON SALE","https://cdn.shopify.com/s/files/1/0608/8563/1222/products/105964008600_P00.jpg?v=1671448605",3,4,"https://dayalopticalsindia.com/products/carrera-36",18,9,7,0.25
"do-7936789315830","Carrera","CARRERA  8872","Eyeglasses","eyeglasses","Rectangle Optical","men",4875,6500,25,"ON SALE","https://cdn.shopify.com/s/files/1/0608/8563/1222/products/105889000300_P00.jpg?v=1671442831",3,3,"https://dayalopticalsindia.com/products/carrera-32",18,9,7,0.25
"do-7936789643510","Carrera","CARRERA  284","Eyeglasses","eyeglasses","Round Optical","unisex",6117,8156,25,"ON SALE","https://cdn.shopify.com/s/files/1/0608/8563/1222/products/105968008600_P00.jpg?v=1671282372",2,2,"https://dayalopticalsindia.com/products/carrera-39",18,9,7,0.25
"do-7936789610742","Carrera","CARRERA  282","Eyeglasses","eyeglasses","Square Optical","unisex",6750,9000,25,"ON SALE","https://cdn.shopify.com/s/files/1/0608/8563/1222/products/1059670J5G00_P00.jpg?v=1671281945",2,2,"https://dayalopticalsindia.com/products/carrera-38",18,9,7,0.25
"do-7937150419190","Carrera","CARRERA   273/S","Sunglasses","sunglasses","Aviator","men",8100,10800,25,"ON SALE","https://cdn.shopify.com/s/files/1/0608/8563/1222/products/20494502M2JO_P00.jpg?v=1671280593",1,2,"https://dayalopticalsindia.com/products/carrera-48",18,9,7,0.25
"do-7937150353654","Carrera","CARRERA  247/S","Sunglasses","sunglasses","Squared Aviator","men",9900,13200,25,"ON SALE","https://cdn.shopify.com/s/files/1/0608/8563/1222/products/20378906LBLA_P00_700xNEW.jpg?v=1672916474",2,4,"https://dayalopticalsindia.com/products/carrera-46",18,9,7,0.25
"do-7937150288118","Carrera","CARRERA   1032/S","Sunglasses","sunglasses","Aviator","unisex",7725,10300,25,"ON SALE","https://cdn.shopify.com/s/files/1/0608/8563/1222/products/203454006JFQ_P00.jpg?v=1671278663",2,2,"https://dayalopticalsindia.com/products/carrera-44",18,9,7,0.25
"do-7937150255350","Carrera","CARRERA   1031/S","Sunglasses","sunglasses","Aviator","unisex",8550,11400,25,"ON SALE","https://cdn.shopify.com/s/files/1/0608/8563/1222/products/20280808072K_P00.jpg?v=1671277929",2,2,"https://dayalopticalsindia.com/products/carrera-43",18,9,7,0.25
"do-7936789283062","Carrera","CARRERA 1131","Eyeglasses","eyeglasses","Square Optical","unisex",6398,8531,25,"ON SALE","https://cdn.shopify.com/s/files/1/0608/8563/1222/products/105830008600_P00.jpg?v=1671259260",2,2,"https://dayalopticalsindia.com/products/carrera-1131",18,9,7,0.25
"do-7936789119222","Carrera","CARRERA   8862","Eyeglasses","eyeglasses","Rectangle Optical","unisex",6398,8531,25,"ON SALE","https://cdn.shopify.com/s/files/1/0608/8563/1222/products/104502008600_P00.jpg?v=1671256233",1,1,"https://dayalopticalsindia.com/products/carrera-26",18,9,7,0.25
"do-7936789086454","Carrera","CARRERA  8861","Eyeglasses","eyeglasses","Square Optical","men",6750,9000,25,"ON SALE","https://cdn.shopify.com/s/files/1/0608/8563/1222/products/104501000300_P00.jpg?v=1671254880",1,3,"https://dayalopticalsindia.com/products/carrera-25",18,9,7,0.25
"do-7936788955382","Carrera","CARRERA   8853","Eyeglasses","eyeglasses","Rectangle Optical","men",8025,10700,25,"ON SALE","https://cdn.shopify.com/s/files/1/0608/8563/1222/products/103758000300_P00.jpg?v=1671195423",2,4,"https://dayalopticalsindia.com/products/carrera-22",18,9,7,0.25
"do-7936788922614","Carrera","CARRERA  244","Eyeglasses","eyeglasses","Square Optical","unisex",5175,6900,25,"ON SALE","https://cdn.shopify.com/s/files/1/0608/8563/1222/products/103746008600_P00_8be06656-d098-4346-a0aa-30b9c21e6200.jpg?v=1671272853",1,1,"https://dayalopticalsindia.com/products/carrera-21",18,9,7,0.25
"do-7936788857078","Carrera","CARRERA  228","Sunglasses","sunglasses","Aviator Optical","unisex",5550,7400,25,"ON SALE","https://cdn.shopify.com/s/files/1/0608/8563/1222/products/103039000300_P00.jpg?v=1671192235",2,3,"https://dayalopticalsindia.com/products/carrera-19",18,9,7,0.25
"do-7936788627702","Carrera","CARRERA   211","Eyeglasses","eyeglasses","Squared Aviator","unisex",5555,7406,25,"ON SALE","https://cdn.shopify.com/s/files/1/0608/8563/1222/products/1026620AU200_P00.jpg?v=1671188734",1,1,"https://dayalopticalsindia.com/products/carrera-13",18,9,7,0.25
"do-7936788594934","Carrera","CARRERA  213","Eyeglasses","eyeglasses","Square Optical","unisex",5550,7400,25,"ON SALE","https://cdn.shopify.com/s/files/1/0608/8563/1222/products/102660080700_P00.jpg?v=1671187074",1,1,"https://dayalopticalsindia.com/products/carrera-12",18,9,7,0.25
"do-7936788463862","Carrera","CARRERA  189","Eyeglasses","eyeglasses","Squared Aviator","unisex",6258,8344,25,"ON SALE","https://cdn.shopify.com/s/files/1/0608/8563/1222/products/102078001000_P00.jpg?v=1671262238",3,3,"https://dayalopticalsindia.com/products/carrera-8",18,9,7,0.25
"do-7936788431094","Carrera","CARRERA  190","Eyeglasses","eyeglasses","Rectangle Optical","men",5906,7875,25,"ON SALE","https://cdn.shopify.com/s/files/1/0608/8563/1222/products/1020770J5G00_P00.jpg?v=1671184551",2,2,"https://dayalopticalsindia.com/products/carrera-7",18,9,7,0.25
"do-7936788398326","Carrera","CARRERA  8832","Eyeglasses","eyeglasses","Rectangle Optical","men",8860,11813,25,"ON SALE","https://cdn.shopify.com/s/files/1/0608/8563/1222/products/101547000300_P00.jpg?v=1671184257",1,2,"https://dayalopticalsindia.com/products/carrera-6",18,9,7,0.25
"do-7936788267254","Carrera","CARRERA 158/V","Eyeglasses","eyeglasses","Square Optical","unisex",4500,6000,25,"ON SALE","https://cdn.shopify.com/s/files/1/0608/8563/1222/products/1010430O6300_P00.jpg?v=1671177998",1,1,"https://dayalopticalsindia.com/products/carrera-3",18,9,7,0.25
"do-7936788234486","Carrera","CARRERA 8825/V","Eyeglasses","eyeglasses","Rectangle Optical","men",6610,8813,25,"ON SALE","https://cdn.shopify.com/s/files/1/0608/8563/1222/products/100407080700_P00_d93ac6cb-09d0-487c-9934-3dd9d2f535b9.jpg?v=1671273061",1,1,"https://dayalopticalsindia.com/products/carrera-2",18,9,7,0.25
"do-7936788201718","Carrera","CARRERA 8823/V","Eyeglasses","eyeglasses","Rectangle Optical","men",7313,9750,25,"ON SALE","https://cdn.shopify.com/s/files/1/0608/8563/1222/products/100110000300_P00_58f0ce7e-a57b-43e9-872b-ddfbf1cd0bc8.jpg?v=1671272982",1,2,"https://dayalopticalsindia.com/products/carrera-1",18,9,7,0.25
"do-7774372921590","Ray-Ban","RAY BAN  0RB 3594","Sunglasses","sunglasses","Round","unisex",8541,9490,10,"ON SALE","https://cdn.shopify.com/s/files/1/0608/8563/1222/products/8053672924473_2.jpg?v=1659174253",1,1,"https://dayalopticalsindia.com/products/ray-ban-255",18,9,7,0.25
"do-7877420155126","Ray-Ban","RAY BAN 0RX 8908","Eyeglasses","eyeglasses","Wayfarer/Square optical","unisex",11061,12290,10,"ON SALE","https://cdn.shopify.com/s/files/1/0608/8563/1222/products/0RX8908__5196_030A.jpg?v=1666423628",4,13,"https://dayalopticalsindia.com/products/ray-ban-0rx-8908",18,9,7,0.25
"do-7875892314358","Ray-Ban","RAY BAN  0RB 3636","Sunglasses","sunglasses","Square","unisex",11421,12690,10,"ON SALE","https://cdn.shopify.com/s/files/1/0608/8563/1222/products/0RB3636__92023F_030A.jpg?v=1666266860",3,10,"https://dayalopticalsindia.com/products/ray-ban-0rb3636",18,9,7,0.25
"do-7768806850806","Ray-Ban","RAY BAN 0RX  8421","Eyeglasses","eyeglasses","Wayfarer/Square optical","unisex",11061,12290,10,"ON SALE","https://cdn.shopify.com/s/files/1/0608/8563/1222/products/0RX8421__2861_030A.jpg?v=1664022905",4,6,"https://dayalopticalsindia.com/products/ray-ban-200",18,9,7,0.25
"do-7775901548790","Ray-Ban","RAY BAN  0RB 4253","Sunglasses","sunglasses","Aviator","unisex",9081,10090,10,"ON SALE","https://cdn.shopify.com/s/files/1/0608/8563/1222/files/8053672602173_2.jpg?v=1719903497",1,2,"https://dayalopticalsindia.com/products/ray-ban-312",18,9,7,0.25
"do-7775901483254","Ray-Ban","RAY BAN  0RB 4246","Sunglasses","sunglasses","Round","unisex",9621,10690,10,"ON SALE","https://cdn.shopify.com/s/files/1/0608/8563/1222/products/8053672559743_2.jpg?v=1659424959",3,3,"https://dayalopticalsindia.com/products/ray-ban-311",18,9,7,0.25
"do-7775903908086","Ray-Ban","RAY BAN  0RB 8356M","Sunglasses","sunglasses","Wayfarer","unisex",14571,16190,10,"ON SALE","https://cdn.shopify.com/s/files/1/0608/8563/1222/products/RAYBAN0RB8356M1.webp?v=1680178064",4,4,"https://dayalopticalsindia.com/products/ray-ban-367",18,9,7,0.25
"do-7775903809782","Ray-Ban","RAY BAN  0RB 8313M","Sunglasses","sunglasses","Aviator","men",17451,19390,10,"ON SALE","https://cdn.shopify.com/s/files/1/0608/8563/1222/products/RAYBAN0RB8313M1.webp?v=1680179657",3,3,"https://dayalopticalsindia.com/products/ray-ban-365",18,9,7,0.25
"do-7775902531830","Ray-Ban","RAY BAN  0RB 4314N","Sunglasses","sunglasses","Cat Eye","women",9621,10690,10,"ON SALE","https://cdn.shopify.com/s/files/1/0608/8563/1222/products/8053672981483_2.jpg?v=1659433336",3,4,"https://dayalopticalsindia.com/products/ray-ban-334",18,9,7,0.25
"do-7774374101238","Ray-Ban","RAY BAN 0RB 4147","Sunglasses","sunglasses","Wayfarer/Square","men",9891,10990,10,"ON SALE","https://cdn.shopify.com/s/files/1/0608/8563/1222/products/8053672975062_2.jpg?v=1659357754",4,5,"https://dayalopticalsindia.com/products/ray-ban-289",18,9,7,0.25
"do-7774373937398","Ray-Ban","RAY BAN  0RB 3916","Sunglasses","sunglasses","Rectangle","unisex",8001,8890,10,"ON SALE","https://cdn.shopify.com/s/files/1/0608/8563/1222/products/8056597242387_2.jpg?v=1659355966",3,3,"https://dayalopticalsindia.com/products/ray-ban-285",18,9,7,0.25
"do-7774373904630","Ray-Ban","RAY BAN 0RB 3857","Sunglasses","sunglasses","Square","unisex",8631,9590,10,"ON SALE","https://cdn.shopify.com/s/files/1/0608/8563/1222/products/8056597385701_2.jpg?v=1659355515",3,13,"https://dayalopticalsindia.com/products/ray-ban-284",18,9,7,0.25
"do-7774373806326","Ray-Ban","RAY BAN 0RB 3747","Sunglasses","sunglasses","Round","unisex",8451,9390,10,"ON SALE","https://cdn.shopify.com/s/files/1/0608/8563/1222/products/8053672797114_2.jpg?v=1659353668",3,3,"https://dayalopticalsindia.com/products/ray-ban-281",18,9,7,0.25
"do-7774373773558","Ray-Ban","RAY BAN  0RB 3689","Sunglasses","sunglasses","Aviator","unisex",10701,11890,10,"ON SALE","https://cdn.shopify.com/s/files/1/0608/8563/1222/products/8056597549721_2.jpg?v=1659352654",6,17,"https://dayalopticalsindia.com/products/ray-ban-280",18,9,7,0.25
"do-7774373740790","Ray-Ban","RAY BAN 0RB 3685M","Sunglasses","sunglasses","Round","unisex",10611,11790,10,"ON SALE","https://cdn.shopify.com/s/files/1/0608/8563/1222/products/8056597581806_2.jpg?v=1659351319",3,3,"https://dayalopticalsindia.com/products/ray-ban-279",18,9,7,0.25
"do-7774373642486","Ray-Ban","RAY BAN 0RB 3682","Sunglasses","sunglasses","Hexagon","unisex",7461,8290,10,"ON SALE","https://cdn.shopify.com/s/files/1/0608/8563/1222/products/8056597531108_2.jpg?v=1659348304",2,2,"https://dayalopticalsindia.com/products/ray-ban-276",18,9,7,0.25
"do-7774373478646","Ray-Ban","RAY BAN 0RB 3672","Sunglasses","sunglasses","Hexagon","unisex",12681,14090,10,"ON SALE","https://cdn.shopify.com/s/files/1/0608/8563/1222/products/8056597431996_2.jpg?v=1659346393",1,1,"https://dayalopticalsindia.com/products/ray-ban-271",18,9,7,0.25
"do-7774373445878","Ray-Ban","RAY BAN 0RB 3670","Sunglasses","sunglasses","Square","unisex",9981,11090,10,"ON SALE","https://cdn.shopify.com/s/files/1/0608/8563/1222/products/8056597451093_2.jpg?v=1659346262",3,3,"https://dayalopticalsindia.com/products/ray-ban-270",18,9,7,0.25
"do-7774373380342","Ray-Ban","RAY BAN 0RB 3666","Sunglasses","sunglasses","Geometric","unisex",8721,9690,10,"ON SALE","https://cdn.shopify.com/s/files/1/0608/8563/1222/products/8056597363648_2.jpg?v=1659345446",2,5,"https://dayalopticalsindia.com/products/ray-ban-268",18,9,7,0.25
"do-7774373347574","Ray-Ban","RAY BAN 0RB 3660CH","Sunglasses","sunglasses","Square","men",11061,12290,10,"ON SALE","https://cdn.shopify.com/s/files/1/0608/8563/1222/products/8056597122795_2.jpg?v=1659343168",2,2,"https://dayalopticalsindia.com/products/ray-ban-267",18,9,7,0.25
"do-7774373282038","Ray-Ban","RAY BAN 0RB 3653","Sunglasses","sunglasses","Square","men",8631,9590,10,"ON SALE","https://cdn.shopify.com/s/files/1/0608/8563/1222/products/8056597122320_2.jpg?v=1659342702",3,3,"https://dayalopticalsindia.com/products/ray-ban-265",18,9,7,0.25
"do-7774373216502","Ray-Ban","RAY BAN  0RB 3648M","Sunglasses","sunglasses","Hexagon","men",12681,14090,10,"ON SALE","https://cdn.shopify.com/s/files/1/0608/8563/1222/products/8056597073226_2.jpg?v=1659341586",5,10,"https://dayalopticalsindia.com/products/ray-ban-263",18,9,7,0.25
"do-7774373183734","Ray-Ban","RAY BAN  0RB 3648","Sunglasses","sunglasses","Hexagon","unisex",11241,12490,10,"ON SALE","https://cdn.shopify.com/s/files/1/0608/8563/1222/products/8053672828054_2.jpg?v=1659340978",5,8,"https://dayalopticalsindia.com/products/ray-ban-262",18,9,7,0.25
"do-7774373052662","Ray-Ban","RAY BAN  0RB 3614N","Sunglasses","sunglasses","Round","unisex",9531,10590,10,"ON SALE","https://cdn.shopify.com/s/files/1/0608/8563/1222/products/8056597017916_2.jpg?v=1659339528",2,3,"https://dayalopticalsindia.com/products/ray-ban-259",18,9,7,0.25
"do-7774373019894","Ray-Ban","RAY BAN  3607","Sunglasses","sunglasses","Rectangle","men",9081,10090,10,"ON SALE","https://cdn.shopify.com/s/files/1/0608/8563/1222/products/8053672993592_2.jpg?v=1659339266",1,1,"https://dayalopticalsindia.com/products/ray-ban-258",18,9,7,0.25
"do-7774372987126","Ray-Ban","RAY BAN 0RB  3606","Sunglasses","sunglasses","Aviator","men",10971,12190,10,"ON SALE","https://cdn.shopify.com/s/files/1/0608/8563/1222/products/8053672970395_2.jpg?v=1659339132",1,1,"https://dayalopticalsindia.com/products/ray-ban-257",18,9,7,0.25
"do-7768809046262","Ray-Ban","RAY  BAN  0RB 3584N","Sunglasses","sunglasses","Aviator","unisex",7911,8790,10,"ON SALE","https://cdn.shopify.com/s/files/1/0608/8563/1222/products/8053672830279_2.jpg?v=1658921659",5,7,"https://dayalopticalsindia.com/products/ray-ban-251",18,9,7,0.25
"do-7768808784118","Ray-Ban","RAY BAN 0RB 3565","Sunglasses","sunglasses","Round","unisex",12231,13590,10,"ON SALE","https://cdn.shopify.com/s/files/1/0608/8563/1222/products/8056597584937_2.jpg?v=1658919487",6,17,"https://dayalopticalsindia.com/products/ray-ban-244",18,9,7,0.25
"do-7768808718582","Ray-Ban","RAY BAN   0RB 3561","Sunglasses","sunglasses","Square","men",8541,9490,10,"ON SALE","https://cdn.shopify.com/s/files/1/0608/8563/1222/products/8053672730364_2.jpg?v=1658919024",4,6,"https://dayalopticalsindia.com/products/ray-ban-243",18,9,7,0.25
"do-7768808587510","Ray-Ban","RAY BAN  0RB 3548","Sunglasses","sunglasses","Hexagon","unisex",12231,13590,10,"ON SALE","https://cdn.shopify.com/s/files/1/0608/8563/1222/products/8056597463812_2.jpg?v=1658916783",4,12,"https://dayalopticalsindia.com/products/ray-ban-239",18,9,7,0.25
"do-7768808521974","Ray-Ban","RAY BAN   0RB 3547","Sunglasses","sunglasses","Round","unisex",10701,11890,10,"ON SALE","https://cdn.shopify.com/s/files/1/0608/8563/1222/products/8056597033787_2.jpg?v=1658916233",4,24,"https://dayalopticalsindia.com/products/ray-ban-237",18,9,7,0.25
"do-7768808390902","Ray-Ban","RAY BAN 0RB 3540","Sunglasses","sunglasses","Aviator","unisex",8091,8990,10,"ON SALE","https://cdn.shopify.com/s/files/1/0608/8563/1222/products/8053672611878_2.jpg?v=1658913899",7,10,"https://dayalopticalsindia.com/products/ray-ban-234",18,9,7,0.25
"do-7768808358134","Ray-Ban","RAY BAN 0RB 3539","Sunglasses","sunglasses","Round","men",11691,12990,10,"ON SALE","https://cdn.shopify.com/s/files/1/0608/8563/1222/products/8056597445955_2.jpg?v=1658910015",1,2,"https://dayalopticalsindia.com/products/ray-ban-233",18,9,7,0.25
"do-7768808030454","Ray-Ban","RAY BAN       3447N","Sunglasses","sunglasses","Round","men",11511,12790,10,"ON SALE","https://cdn.shopify.com/s/files/1/0608/8563/1222/products/8053672878219_2.jpg?v=1658908701",3,4,"https://dayalopticalsindia.com/products/ray-ban-226",18,9,7,0.25
"do-7768807964918","Ray-Ban","RAY BAN  0RB 3447JM","Sunglasses","sunglasses","Round","men",10431,11590,10,"ON SALE","https://cdn.shopify.com/s/files/1/0608/8563/1222/products/8056597453509_2.jpg?v=1658907712",3,6,"https://dayalopticalsindia.com/products/ray-ban-225",18,9,7,0.25
"do-7768807604470","Ray-Ban","RAY BAN  0RB 3026I","Sunglasses","sunglasses","Aviator","men",6561,7290,10,"ON SALE","https://cdn.shopify.com/s/files/1/0608/8563/1222/products/8901279501156_2.jpg?v=1658903727",1,1,"https://dayalopticalsindia.com/products/ray-ban-215",18,9,7,0.25
"do-7768807538934","Ray-Ban","RAY BAN  0RB 3025JM","Sunglasses","sunglasses","Aviator","men",8631,9590,10,"ON SALE","https://cdn.shopify.com/s/files/1/0608/8563/1222/products/8053672130294_2.jpg?v=1658903586",4,7,"https://dayalopticalsindia.com/products/ray-ban-214",18,9,7,0.25
"do-7768807375094","Ray-Ban","RAY BAN   0RB 3016","Sunglasses","sunglasses","Clubmaster","men",11511,12790,10,"ON SALE","https://cdn.shopify.com/s/files/1/0608/8563/1222/products/8053672226966_2.jpg?v=1658755753",8,18,"https://dayalopticalsindia.com/products/ray-ban-211",18,9,7,0.25
"do-7768807211254","Ray-Ban","RAY BAN 0RB 2283","Sunglasses","sunglasses","Wayfarer","men",9171,10190,10,"ON SALE","https://cdn.shopify.com/s/files/1/0608/8563/1222/products/8056597556521_2.jpg?v=1658747911",3,3,"https://dayalopticalsindia.com/products/ray-ban-207",18,9,7,0.25
"do-7768807178486","Ray-Ban","RAY BAN  0RB 2219","Sunglasses","sunglasses","Aviator","unisex",9981,11090,10,"ON SALE","https://cdn.shopify.com/s/files/1/0608/8563/1222/products/8056597122191_2.jpg?v=1658747502",1,1,"https://dayalopticalsindia.com/products/ray-ban-206",18,9,7,0.25
"do-7768807080182","Ray-Ban","RAY BAN 0RB 2201","Sunglasses","sunglasses","Cat Eye","unisex",9981,11090,10,"ON SALE","https://cdn.shopify.com/s/files/1/0608/8563/1222/products/8056597461542_2.jpg?v=1658746836",5,5,"https://dayalopticalsindia.com/products/ray-ban-205",18,9,7,0.25
"do-7768807014646","Ray-Ban","RAY BAN  0RB 2198","Sunglasses","sunglasses","Aviator","unisex",10071,11190,10,"ON SALE","https://cdn.shopify.com/s/files/1/0608/8563/1222/products/8056597529716_2.jpg?v=1658745605",3,7,"https://dayalopticalsindia.com/products/ray-ban-203",18,9,7,0.25
"do-7768806916342","Ray-Ban","RAY BAN 0RB 2190","Sunglasses","sunglasses","Square","men",9171,10190,10,"ON SALE","https://cdn.shopify.com/s/files/1/0608/8563/1222/products/8056597362603_2.jpg?v=1658745108",2,3,"https://dayalopticalsindia.com/products/ray-ban-201",18,9,7,0.25
"do-7756053905654","Ray-Ban","RAY BAN  0RX 8420","Eyeglasses","eyeglasses","Wayfarer/Square optical","unisex",9171,10190,10,"ON SALE","https://cdn.shopify.com/s/files/1/0608/8563/1222/products/8056597123433_2.jpg?v=1658399935",3,3,"https://dayalopticalsindia.com/products/ray-ban-180",18,9,7,0.25
"do-7756053872886","Ray-Ban","RAY BAN   0RX 8419","Eyeglasses","eyeglasses","Rectangle Optical","men",9171,10190,10,"ON SALE","https://cdn.shopify.com/s/files/1/0608/8563/1222/products/8056597123341_2.jpg?v=1658399561",3,3,"https://dayalopticalsindia.com/products/ray-ban-179",18,9,7,0.25
"do-7756053840118","Ray-Ban","RAY BAN  0RX 8416","Eyeglasses","eyeglasses","Wayfarer/Square optical","men",10881,12090,10,"ON SALE","https://cdn.shopify.com/s/files/1/0608/8563/1222/products/8053672558265_2_dd960226-d271-4e22-9f72-db3135d79e35.jpg?v=1658399283",1,2,"https://dayalopticalsindia.com/products/ray-ban-178",18,9,7,0.25
"do-7756053676278","Ray-Ban","RAY BAN   0RX 7244","Eyeglasses","eyeglasses","Rectangle Optical","unisex",6831,7590,10,"ON SALE","https://cdn.shopify.com/s/files/1/0608/8563/1222/products/8056597430531_2.jpg?v=1658398420",4,5,"https://dayalopticalsindia.com/products/ray-ban-174",18,9,7,0.25
"do-7756053643510","Ray-Ban","RAY BAN  0RX 7198","Eyeglasses","eyeglasses","Rectangle Optical","unisex",5841,6490,10,"ON SALE","https://cdn.shopify.com/s/files/1/0608/8563/1222/products/8056597547352_2.jpg?v=1658397929",3,5,"https://dayalopticalsindia.com/products/ray-ban-173",18,9,7,0.25
"do-7756053512438","Ray-Ban","RAY BAN  0RX 7164","Eyeglasses","eyeglasses","Wayfarer/Square optical","unisex",7731,8590,10,"ON SALE","https://cdn.shopify.com/s/files/1/0608/8563/1222/products/8056597011471_2.jpg?v=1658397144",1,1,"https://dayalopticalsindia.com/products/ray-ban-170",18,9,7,0.25
"do-7756053381366","Ray-Ban","RAY BAN  0RX 7156","Eyeglasses","eyeglasses","Round Optical","unisex",7371,8190,10,"ON SALE","https://cdn.shopify.com/s/files/1/0608/8563/1222/products/8053672971552_2.jpg?v=1658325819",1,1,"https://dayalopticalsindia.com/products/ray-ban-167",18,9,7,0.25
"do-7756053348598","Ray-Ban","RAY BAN  0RX 7153","Eyeglasses","eyeglasses","Round Optical","unisex",5391,5990,10,"ON SALE","https://cdn.shopify.com/s/files/1/0608/8563/1222/products/8053672928488_2.jpg?v=1658325734",1,2,"https://dayalopticalsindia.com/products/ray-ban-166",18,9,7,0.25
"do-7756053315830","Ray-Ban","RAY BAN    0RX 7148","Eyeglasses","eyeglasses","Rectangle Optical","men",7101,7890,10,"ON SALE","https://cdn.shopify.com/s/files/1/0608/8563/1222/products/8053672916683_2.jpg?v=1658325569",4,5,"https://dayalopticalsindia.com/products/ray-ban-165",18,9,7,0.25
"do-7756053283062","Ray-Ban","RAY BAN  0RX 7144M","Eyeglasses","eyeglasses","Wayfarer/Square optical","men",10431,11590,10,"ON SALE","https://cdn.shopify.com/s/files/1/0608/8563/1222/products/8056597045834_2.jpg?v=1658325164",4,4,"https://dayalopticalsindia.com/products/ray-ban-164",18,9,7,0.25
"do-7756053217526","Ray-Ban","RAY BAN  0RX 7141","Eyeglasses","eyeglasses","Wayfarer/Square optical","men",7641,8490,10,"ON SALE","https://cdn.shopify.com/s/files/1/0608/8563/1222/products/8053672822663_2.jpg?v=1658324856",1,1,"https://dayalopticalsindia.com/products/ray-ban-163",18,9,7,0.25
"do-7756053184758","Ray-Ban","RAY BAN 0RX 7140","Eyeglasses","eyeglasses","Round Optical","unisex",8991,9990,10,"ON SALE","https://cdn.shopify.com/s/files/1/0608/8563/1222/products/8053672822618_2.jpg?v=1658324521",2,2,"https://dayalopticalsindia.com/products/ray-ban-162",18,9,7,0.25
"do-7756053151990","Ray-Ban","RAY BAN 0RX  7131","Eyeglasses","eyeglasses","Wayfarer/Square optical","men",6741,7490,10,"ON SALE","https://cdn.shopify.com/s/files/1/0608/8563/1222/products/8053672769203_2.jpg?v=1658324377",2,2,"https://dayalopticalsindia.com/products/ray-ban-161",18,9,7,0.25
"do-7756053119222","Ray-Ban","RAY BAN  0RX 7119","Eyeglasses","eyeglasses","Wayfarer/Square optical","unisex",7911,8790,10,"ON SALE","https://cdn.shopify.com/s/files/1/0608/8563/1222/products/8053672728477_2.jpg?v=1658324161",1,2,"https://dayalopticalsindia.com/products/ray-ban-160",18,9,7,0.25
"do-7756053086454","Ray-Ban","RAY BAN  0RX 7098","Eyeglasses","eyeglasses","Wayfarer/Square optical","men",6741,7490,10,"ON SALE","https://cdn.shopify.com/s/files/1/0608/8563/1222/products/8053672603743_2.jpg?v=1658320286",2,2,"https://dayalopticalsindia.com/products/ray-ban-159",18,9,7,0.25
"do-7756052857078","Ray-Ban","RAY BAN   0RX 7047","Eyeglasses","eyeglasses","Wayfarer/Square optical","men",7011,7790,10,"ON SALE","https://cdn.shopify.com/s/files/1/0608/8563/1222/products/8053672979794_2.jpg?v=1658319388",2,3,"https://dayalopticalsindia.com/products/ray-ban-153",18,9,7,0.25
"do-7755063329014","Ray-Ban","RAY BAN  0RX 6589","Sunglasses","sunglasses","Aviator Optical","unisex",6831,7590,10,"ON SALE","https://cdn.shopify.com/s/files/1/0608/8563/1222/products/8053672864083_2.jpg?v=1658317540",3,8,"https://dayalopticalsindia.com/products/ray-ban-146",18,9,7,0.25
"do-7755063296246","Ray-Ban","RAY BAN  0RX 6547","Eyeglasses","eyeglasses","Round Optical","unisex",6381,7090,10,"ON SALE","https://cdn.shopify.com/s/files/1/0608/8563/1222/products/8056597028202_2.jpg?v=1658316193",4,4,"https://dayalopticalsindia.com/products/ray-ban-145",18,9,7,0.25
"do-7755063263478","Ray-Ban","RAY BAN  0RX 6536","Eyeglasses","eyeglasses","Wayfarer/Square optical","unisex",7371,8190,10,"ON SALE","https://cdn.shopify.com/s/files/1/0608/8563/1222/files/ray-ban-vista-rx-6536-3086-legend-gold-8056597246132.webp?v=1721280152",1,3,"https://dayalopticalsindia.com/products/ray-ban-144",18,9,7,0.25
"do-7755063230710","Ray-Ban","RAY BAN  0RX 6489","Sunglasses","sunglasses","Aviator Optical","unisex",8361,9290,10,"ON SALE","https://cdn.shopify.com/s/files/1/0608/8563/1222/products/8053672741841_2.jpg?v=1658315494",4,15,"https://dayalopticalsindia.com/products/ray-ban-143",18,9,7,0.25
"do-7755063197942","Ray-Ban","RAY BAN  0RX 6478","Eyeglasses","eyeglasses","Wayfarer/Square optical","unisex",8901,9890,10,"ON SALE","https://cdn.shopify.com/s/files/1/0608/8563/1222/products/8056597545426_2.jpg?v=1658314740",2,5,"https://dayalopticalsindia.com/products/ray-ban-142",18,9,7,0.25
"do-7755063165174","Ray-Ban","RAY BAN  0RX 6477","Eyeglasses","eyeglasses","Wayfarer/Square optical","unisex",6831,7590,10,"ON SALE","https://cdn.shopify.com/s/files/1/0608/8563/1222/products/8056597544337_2.jpg?v=1658314021",3,4,"https://dayalopticalsindia.com/products/ray-ban-141",18,9,7,0.25
"do-7755063132406","Ray-Ban","RAY BAN  0RX 6473M","Eyeglasses","eyeglasses","Rectangle","unisex",7731,8590,10,"ON SALE","https://cdn.shopify.com/s/files/1/0608/8563/1222/products/8056597458986_2.jpg?v=1658313501",3,4,"https://dayalopticalsindia.com/products/ray-ban-140",18,9,7,0.25
"do-7755063099638","Ray-Ban","RAY BAN  0RX 6471","Eyeglasses","eyeglasses","Geometric Optical","unisex",5391,5990,10,"ON SALE","https://cdn.shopify.com/s/files/1/0608/8563/1222/products/8056597434683_2.jpg?v=1658312532",4,5,"https://dayalopticalsindia.com/products/ray-ban-139",18,9,7,0.25
"do-7755062903030","Ray-Ban","RAY BAN  0RX6456","Eyeglasses","eyeglasses","Wayfarer/Square optical","unisex",6831,7590,10,"ON SALE","https://cdn.shopify.com/s/files/1/0608/8563/1222/products/8056597124317_2.jpg?v=1658310972",1,2,"https://dayalopticalsindia.com/products/ray-ban-134",18,9,7,0.25
"do-7755062870262","Ray-Ban","RAY BAN   0RX 6451I","Eyeglasses","eyeglasses","Rectangle Optical","unisex",4632,5147,10,"ON SALE","https://cdn.shopify.com/s/files/1/0608/8563/1222/products/8056597179546_2.jpg?v=1672381560",2,2,"https://dayalopticalsindia.com/products/ray-ban-133",18,9,7,0.25
"do-7755062804726","Ray-Ban","RAY BAN  0RX 6450","Sunglasses","sunglasses","Aviator Optical","unisex",6831,7590,10,"ON SALE","https://cdn.shopify.com/s/files/1/0608/8563/1222/products/8056597183369_2.jpg?v=1658310513",5,8,"https://dayalopticalsindia.com/products/ray-ban-132",18,9,7,0.25
"do-7755062739190","Ray-Ban","RAY BAN 0RX 6444","Eyeglasses","eyeglasses","Square Optical","unisex",7011,7790,10,"ON SALE","https://cdn.shopify.com/s/files/1/0608/8563/1222/products/8056597124126_2.jpg?v=1672381588",4,5,"https://dayalopticalsindia.com/products/ray-ban-130",18,9,7,0.25
"do-7755062706422","Ray-Ban","RAY BAN  0RX 6441","Sunglasses","sunglasses","Aviator Optical","men",6651,7390,10,"ON SALE","https://cdn.shopify.com/s/files/1/0608/8563/1222/products/8056597096751_2.jpg?v=1658307586",2,2,"https://dayalopticalsindia.com/products/ray-ban-129",18,9,7,0.25
"do-7755062673654","Ray-Ban","RAY BAN  0RX 6440","Eyeglasses","eyeglasses","Geometric Optical","unisex",6291,6990,10,"ON SALE","https://cdn.shopify.com/s/files/1/0608/8563/1222/products/8056597063760_2.jpg?v=1658240331",3,3,"https://dayalopticalsindia.com/products/ray-ban-128",18,9,7,0.25
"do-7755062640886","Ray-Ban","RAY BAN  0RX 6437","Eyeglasses","eyeglasses","Rectangle Optical","unisex",6831,7590,10,"ON SALE","https://cdn.shopify.com/s/files/1/0608/8563/1222/products/8056597027274_2.jpg?v=1658240262",3,3,"https://dayalopticalsindia.com/products/ray-ban-127",18,9,7,0.25
"do-7755062608118","Ray-Ban","RAY BAN   0RX 6434","Sunglasses","sunglasses","Aviator Optical","men",7371,8190,10,"ON SALE","https://cdn.shopify.com/s/files/1/0608/8563/1222/products/8056597010702_2.jpg?v=1658239958",4,8,"https://dayalopticalsindia.com/products/ray-ban-126",18,9,7,0.25
"do-7755062509814","Ray-Ban","RAY BAN  0RX 6422","Eyeglasses","eyeglasses","Wayfarer/Square optical","women",6831,7590,10,"ON SALE","https://cdn.shopify.com/s/files/1/0608/8563/1222/products/8056597027199_2.jpg?v=1658237897",1,2,"https://dayalopticalsindia.com/products/ray-ban-123",18,9,7,0.25
"do-7755062477046","Ray-Ban","RAY BAN  0RX 6421","Eyeglasses","eyeglasses","Rectangle Optical","unisex",6651,7390,10,"ON SALE","https://cdn.shopify.com/s/files/1/0608/8563/1222/products/8053672914917_2.jpg?v=1658237760",2,4,"https://dayalopticalsindia.com/products/ray-ban-122",18,9,7,0.25
"do-7755062444278","Ray-Ban","RAY BAN  0RX 6414","Eyeglasses","eyeglasses","Wayfarer/Square optical","unisex",7551,8390,10,"ON SALE","https://cdn.shopify.com/s/files/1/0608/8563/1222/products/8053672863086_2.jpg?v=1658237381",2,3,"https://dayalopticalsindia.com/products/ray-ban-121",18,9,7,0.25
"do-7755062411510","Ray-Ban","RAY BAN  0RX 6413","Sunglasses","sunglasses","Aviator Optical","unisex",6291,6990,10,"ON SALE","https://cdn.shopify.com/s/files/1/0608/8563/1222/products/8053672862928_2.jpg?v=1658237139",3,5,"https://dayalopticalsindia.com/products/ray-ban-120",18,9,7,0.25
"do-7755062247670","Ray-Ban","RAY BAN  0RX 6363","Eyeglasses","eyeglasses","Wayfarer/Square optical","unisex",6831,7590,10,"ON SALE","https://cdn.shopify.com/s/files/1/0608/8563/1222/products/8053672980042_2.jpg?v=1658232653",2,3,"https://dayalopticalsindia.com/products/ray-ban-115",18,9,7,0.25
"do-7755062214902","Ray-Ban","RAY BAN  0RX 6346","Eyeglasses","eyeglasses","Wayfarer/Square optical","unisex",6651,7390,10,"ON SALE","https://cdn.shopify.com/s/files/1/0608/8563/1222/products/8053672981063_2.jpg?v=1658232337",1,1,"https://dayalopticalsindia.com/products/ray-ban-114",18,9,7,0.25
"do-7755061854454","Ray-Ban","RAY BAN  0RX 6266I","Eyeglasses","eyeglasses","Rectangle","men",3681,4090,10,"ON SALE","https://cdn.shopify.com/s/files/1/0608/8563/1222/products/8901279162661_2.jpg?v=1658229974",1,1,"https://dayalopticalsindia.com/products/ray-ban-104",18,9,7,0.25
"do-7755061690614","Ray-Ban","RAY BAN 0RX 5499","Eyeglasses","eyeglasses","Cat Eye Optical","women",8451,9390,10,"ON SALE","https://cdn.shopify.com/s/files/1/0608/8563/1222/products/8056597549431_2.jpg?v=1658227402",4,4,"https://dayalopticalsindia.com/products/ray-ban-99",18,9,7,0.25
"do-7755061592310","Ray-Ban","RAY BAN  0RX 5473","Eyeglasses","eyeglasses","Rectangle","women",6826,7584,10,"ON SALE","https://cdn.shopify.com/s/files/1/0608/8563/1222/products/8056597245616_2.jpg?v=1658226316",3,3,"https://dayalopticalsindia.com/products/ray-ban-96",18,9,7,0.25
"do-7755061494006","Ray-Ban","RAY BAN  0RX 5393","Eyeglasses","eyeglasses","Wayfarer/Square optical","unisex",8001,8890,10,"ON SALE","https://cdn.shopify.com/s/files/1/0608/8563/1222/products/8056597317825_2.jpg?v=1658225644",2,4,"https://dayalopticalsindia.com/products/ray-ban-94",18,9,7,0.25
"do-7755061428470","Ray-Ban","RAY BAN  0RX 5391","Eyeglasses","eyeglasses","Rectangle","unisex",7911,8790,10,"ON SALE","https://cdn.shopify.com/s/files/1/0608/8563/1222/products/8056597428781_2.jpg?v=1658225523",2,2,"https://dayalopticalsindia.com/products/ray-ban-93",18,9,7,0.25
"do-7755061330166","Ray-Ban","RAY BAN 0RX 5387","Eyeglasses","eyeglasses","Wayfarer/Square optical","men",5841,6490,10,"ON SALE","https://cdn.shopify.com/s/files/1/0608/8563/1222/products/8053672991321_2.jpg?v=1658223084",6,15,"https://dayalopticalsindia.com/products/ray-ban-90",18,9,7,0.25
"do-7755061297398","Ray-Ban","RAY BAN  0RX 5384I","Eyeglasses","eyeglasses","Rectangle","men",5301,5890,10,"ON SALE","https://cdn.shopify.com/s/files/1/0608/8563/1222/products/8056597179492_2.jpg?v=1658216735",1,1,"https://dayalopticalsindia.com/products/ray-ban-89",18,9,7,0.25
"do-7755061264630","Ray-Ban","RAY BAN  0RX 5383","Eyeglasses","eyeglasses","Rectangle","unisex",8451,9390,10,"ON SALE","https://cdn.shopify.com/s/files/1/0608/8563/1222/products/8056597124027_2.jpg?v=1658216512",4,9,"https://dayalopticalsindia.com/products/ray-ban-88",18,9,7,0.25
"do-7755061231862","Ray-Ban","RAY BAN   0RX 5382","Eyeglasses","eyeglasses","Wayfarer/Square optical","unisex",7281,8090,10,"ON SALE","https://cdn.shopify.com/s/files/1/0608/8563/1222/products/8056597123952_2.jpg?v=1658215518",2,2,"https://dayalopticalsindia.com/products/ray-ban-87",18,9,7,0.25
"do-7755061068022","Ray-Ban","RAY BAN 0RX 5370","Eyeglasses","eyeglasses","Wayfarer/Square optical","unisex",5841,6490,10,"ON SALE","https://cdn.shopify.com/s/files/1/0608/8563/1222/products/8056597011099_2.jpg?v=1658222177",2,3,"https://dayalopticalsindia.com/products/ray-ban-83",18,9,7,0.25
"do-7755061035254","Ray-Ban","RAY BAN 0RX 5369","Eyeglasses","eyeglasses","Wayfarer/Square optical","unisex",7731,8590,10,"ON SALE","https://cdn.shopify.com/s/files/1/0608/8563/1222/products/8056597010993_2.jpg?v=1658213630",1,1,"https://dayalopticalsindia.com/products/ray-ban-82",18,9,7,0.25
"do-7755061002486","Ray-Ban","RAY BAN 0RX 5366","Eyeglasses","eyeglasses","Cat Eye Optical","women",8361,9290,10,"ON SALE","https://cdn.shopify.com/s/files/1/0608/8563/1222/products/8053672971408_2.jpg?v=1658213193",2,2,"https://dayalopticalsindia.com/products/ray-ban-81",18,9,7,0.25
"do-7755060838646","Ray-Ban","RAY BAN   0RX 5285","Eyeglasses","eyeglasses","Wayfarer/Square optical","unisex",7281,8090,10,"ON SALE","https://cdn.shopify.com/s/files/1/0608/8563/1222/products/8056597026307_2.jpg?v=1658212062",1,1,"https://dayalopticalsindia.com/products/ray-ban-76",18,9,7,0.25
"do-7755060805878","Ray-Ban","RAY BAN    0RX 5283","Eyeglasses","eyeglasses","Round Optical","men",8451,9390,10,"ON SALE","https://cdn.shopify.com/s/files/1/0608/8563/1222/products/8053672633672_2.jpg?v=1658211838",3,8,"https://dayalopticalsindia.com/products/ray-ban-75",18,9,7,0.25
"do-7755060445430","Ray-Ban","RAY BAN 0RX 4419V","Eyeglasses","eyeglasses","Wayfarer/Square optical","unisex",5841,6490,10,"ON SALE","https://cdn.shopify.com/s/files/1/0608/8563/1222/products/8056597038881_2.jpg?v=1657979164",2,2,"https://dayalopticalsindia.com/products/ray-ban-64",18,9,7,0.25
"do-7755060412662","Ray-Ban","RAY BAN  0RX 4362V","Eyeglasses","eyeglasses","Wayfarer/Square optical","unisex",7551,8390,10,"ON SALE","https://cdn.shopify.com/s/files/1/0608/8563/1222/products/8056597546409_2.jpg?v=1657978806",3,4,"https://dayalopticalsindia.com/products/ray-ban-63",18,9,7,0.25
"do-7755060379894","Ray-Ban","RAY BAN 0RX 4361V","Eyeglasses","eyeglasses","Geometric Optical","unisex",5841,6490,10,"ON SALE","https://cdn.shopify.com/s/files/1/0608/8563/1222/products/8056597542876_2.jpg?v=1657978413",2,2,"https://dayalopticalsindia.com/products/ray-ban-62",18,9,7,0.25
"do-7755060347126","Ray-Ban","RAY BAN   0RX 4354V","Eyeglasses","eyeglasses","Wayfarer/Square optical","unisex",6831,7590,10,"ON SALE","https://cdn.shopify.com/s/files/1/0608/8563/1222/products/8056597054935_2.jpg?v=1657977909",3,3,"https://dayalopticalsindia.com/products/ray-ban-61",18,9,7,0.25
"do-7755060281590","Ray-Ban","RAY BAN  0RX 4223V","Eyeglasses","eyeglasses","Cat Eye Optical","men",7191,7990,10,"ON SALE","https://cdn.shopify.com/s/files/1/0608/8563/1222/products/8053672388954_2.jpg?v=1657977337",1,2,"https://dayalopticalsindia.com/products/ray-ban-59",18,9,7,0.25
"do-7755060248822","Ray-Ban","RAY BAN   0RX 3857V","Eyeglasses","eyeglasses","Wayfarer/Square optical","unisex",6831,7590,10,"ON SALE","https://cdn.shopify.com/s/files/1/0608/8563/1222/products/8056597385589_2.jpg?v=1657976909",7,8,"https://dayalopticalsindia.com/products/ray-ban-58",18,9,7,0.25
"do-7755060183286","Ray-Ban","RAY BAN   0RX 3747V","Eyeglasses","eyeglasses","Round Optical","unisex",7641,8490,10,"ON SALE","https://cdn.shopify.com/s/files/1/0608/8563/1222/products/8053672768435_2.jpg?v=1657975668",4,5,"https://dayalopticalsindia.com/products/ray-ban-57",18,9,7,0.25
"do-7755060150518","Ray-Ban","RAY BAN   0RX 3682V","Eyeglasses","eyeglasses","Round Optical","unisex",6201,6890,10,"ON SALE","https://cdn.shopify.com/s/files/1/0608/8563/1222/products/8056597541862_2.jpg?v=1657974537",3,4,"https://dayalopticalsindia.com/products/ray-ban-56",18,9,7,0.25
"do-7755060117750","Ray-Ban","RAY BAN  0RX 3681V","Eyeglasses","eyeglasses","Round Optical","unisex",5391,5990,10,"ON SALE","https://cdn.shopify.com/s/files/1/0608/8563/1222/products/8056597541176_2.jpg?v=1657974122",3,3,"https://dayalopticalsindia.com/products/ray-ban-55",18,9,7,0.25
"do-7755060084982","Ray-Ban","RAY BAN   0RX 3648V","Eyeglasses","eyeglasses","Wayfarer/Square optical","unisex",7281,8090,10,"ON SALE","https://cdn.shopify.com/s/files/1/0608/8563/1222/products/8056597010245_2.jpg?v=1657974019",2,4,"https://dayalopticalsindia.com/products/ray-ban-54",18,9,7,0.25
"do-7755060052214","Ray-Ban","RAY BAN 0RX 3582V","Sunglasses","sunglasses","Round Optical","unisex",6831,7590,10,"ON SALE","https://cdn.shopify.com/s/files/1/0608/8563/1222/products/8053672823561_2.jpg?v=1657973520",3,4,"https://dayalopticalsindia.com/products/ray-ban-53",18,9,7,0.25
"do-7755059921142","Ray-Ban","RAY BAN   0RX  2201V","Eyeglasses","eyeglasses","Cat Eye Optical","women",7371,8190,10,"ON SALE","https://cdn.shopify.com/s/files/1/0608/8563/1222/products/8056597480321_2.jpg?v=1672381667",2,2,"https://dayalopticalsindia.com/products/ray-ban-49",18,9,7,0.25
"do-7755059888374","Ray-Ban","RAY BAN 0RX 2185V","Sunglasses","sunglasses","Wayfarer/Square optical","unisex",7281,8090,10,"ON SALE","https://cdn.shopify.com/s/files/1/0608/8563/1222/products/8056597035149_2.jpg?v=1657968530",1,1,"https://dayalopticalsindia.com/products/ray-ban-48",18,9,7,0.25
"do-7755059855606","Ray-Ban","RAY BAN   0RX 2180V","Eyeglasses","eyeglasses","Round Optical","men",6021,6690,10,"ON SALE","https://cdn.shopify.com/s/files/1/0608/8563/1222/products/8056597367554_2.jpg?v=1657967846",3,3,"https://dayalopticalsindia.com/products/ray-ban-47",18,9,7,0.25
"do-7755059822838","Ray-Ban","RAY BAN  0RX 1972V","Eyeglasses","eyeglasses","Geometric Optical","unisex",7371,8190,10,"ON SALE","https://cdn.shopify.com/s/files/1/0608/8563/1222/products/8056597182409_2.jpg?v=1657966703",2,2,"https://dayalopticalsindia.com/products/ray-ban-46",18,9,7,0.25